,,OPCODE,isMOD,modSWAP,isDouble,OPCext,aluk,MUX_ADDER_IMM,MUX_AND_INT,MUX_SHIFT,P_OP,FMASK,conditionals,swapEIP,isBR,isFP,isImm,immSize,size,R1,R2,R3,R4,S1,S2,S3,S4,op1_mux,op2_mux,op3_mux,op4_mux,dest1_mux,dest2_mux,dest3_mux,dest4_mux,op1_wb,op2_wb,op3_wb,op4_wb,R1_MOD_OVR,M1_RW,M2_RW,OP_MOD_OVR,S3_MOD_OVR,memSizeOVR,is_EXT,MOD_EXT
ï»¿0,1,2,3,4,5,6,7,8,9,10,11,12,13,14,15,16,17,18,19,20,21,22,23,24,25,26,27,28,29,30,31,32,33,34,35,36,37,38,39,40,41,42,43,44,45,46,47
04 ib,"ADD AL, imm8",8'h04,1'b0,1'b0,1'b0,8'h00,5'b00001,3'b000,1'b0,1'b0,37'b0_0000_0000_0000_0000_0000_0000_0000_0000_0001,18'b000000000_1_0_00_1_1_1_1_1,2'b00,1'b0,1'b0,1'b0,1'b1,2'b00,2'b00,3'b000,3'b000,3'b100,3'b000,3'b001,3'b000,3'b000,3'b000,13'h0001,13'h1000,13'h0001,13'h0001,13'h0001,13'h1000,13'h0001,13'h0001,1'b1,1'b0,1'b0,1'b0,1'b0,2'b00,2'b00,2'b00,1'b0,1'b0,3'd0,3'd0
05 id,"ADD EAX, imm32",8'h05,1'b0,1'b0,1'b0,8'h00,5'b00001,3'b000,1'b0,1'b0,37'b0_0000_0000_0000_0000_0000_0000_0000_0000_0001,18'b000000000_1_0_00_1_1_1_1_1,2'b00,1'b0,1'b0,1'b0,1'b1,2'b10,2'b10,3'b000,3'b000,3'b100,3'b000,3'b001,3'b000,3'b000,3'b000,13'h0001,13'h1000,13'h0001,13'h0001,13'h0001,13'h1000,13'h0001,13'h0001,1'b1,1'b0,1'b0,1'b0,1'b0,2'b00,2'b00,2'b00,1'b0,1'b0,3'd0,3'd0
80 /0 ib ?,"ADD r/m8, imm8",8'h80,1'b1,1'b0,1'b0,8'h00,5'b00001,3'b000,1'b0,1'b0,37'b0_0000_0000_0000_0000_0000_0000_0000_0000_0001,18'b000000000_1_0_00_1_1_1_1_1,2'b00,1'b0,1'b0,1'b0,1'b1,2'b00,2'b00,3'b000,3'b000,3'b100,3'b000,3'b001,3'b000,3'b000,3'b000,13'h0100,13'h1000,13'h0001,13'h0001,13'h0100,13'h1000,13'h0001,13'h0001,1'b1,1'b0,1'b0,1'b0,1'b0,2'b11,2'b00,2'b01,1'b0,1'b0,1'b1,3'd0
81 /0 id ?,"ADD r/m32, imm32",8'h81,1'b1,1'b0,1'b0,8'h00,5'b00001,3'b000,1'b0,1'b0,37'b0_0000_0000_0000_0000_0000_0000_0000_0000_0001,18'b000000000_1_0_00_1_1_1_1_1,2'b00,1'b0,1'b0,1'b0,1'b1,2'b10,2'b10,3'b000,3'b000,3'b100,3'b000,3'b001,3'b000,3'b000,3'b000,13'h0100,13'h1000,13'h0001,13'h0001,13'h0100,13'h1000,13'h0001,13'h0001,1'b1,1'b0,1'b0,1'b0,1'b0,2'b11,2'b00,2'b01,1'b0,1'b0,1'b1,3'd0
83 /0 ib ?,"ADD r/m32, imm8",8'h83,1'b1,1'b0,1'b0,8'h00,5'b00001,3'b000,1'b0,1'b0,37'b0_0000_0000_0000_0000_0000_0000_0000_0000_0001,18'b000000000_1_0_00_1_1_1_1_1,2'b00,1'b0,1'b0,1'b0,1'b1,2'b00,2'b10,3'b000,3'b000,3'b100,3'b000,3'b001,3'b000,3'b000,3'b000,13'h0100,13'h1000,13'h0001,13'h0001,13'h0100,13'h1000,13'h0001,13'h0001,1'b1,1'b0,1'b0,1'b0,1'b0,2'b11,2'b00,2'b01,1'b0,1'b0,1'b1,3'd0
00 /r,"ADD r/m8, r8",8'h00,1'b1,1'b0,1'b0,8'h00,5'b00001,3'b000,1'b0,1'b0,37'b0_0000_0000_0000_0000_0000_0000_0000_0000_0001,18'b000000000_1_0_00_1_1_1_1_1,2'b00,1'b0,1'b0,1'b0,1'b0,2'b00,2'b00,3'b000,3'b000,3'b100,3'b000,3'b001,3'b000,3'b000,3'b000,13'h0100,13'h0001,13'h0001,13'h0001,13'h0100,13'h0001,13'h0001,13'h0001,1'b1,1'b0,1'b0,1'b0,1'b1,2'b11,2'b00,2'b01,1'b0,1'b0,3'd0,3'd0
01 /r,"ADD r/m32, r32",8'h01,1'b1,1'b0,1'b0,8'h00,5'b00001,3'b000,1'b0,1'b0,37'b0_0000_0000_0000_0000_0000_0000_0000_0000_0001,18'b000000000_1_0_00_1_1_1_1_1,2'b00,1'b0,1'b0,1'b0,1'b0,2'b00,2'b10,3'b000,3'b000,3'b100,3'b000,3'b001,3'b000,3'b000,3'b000,13'h0100,13'h0001,13'h0001,13'h0001,13'h0100,13'h0001,13'h0001,13'h0001,1'b1,1'b0,1'b0,1'b0,1'b1,2'b11,2'b00,2'b01,1'b0,1'b0,3'd0,3'd0
02 /r,"ADD r8, r/m8",8'h02,1'b1,1'b1,1'b0,8'h00,5'b00001,3'b000,1'b0,1'b0,37'b0_0000_0000_0000_0000_0000_0000_0000_0000_0001,18'b000000000_1_0_00_1_1_1_1_1,2'b00,1'b0,1'b0,1'b0,1'b0,2'b00,2'b00,3'b000,3'b000,3'b100,3'b000,3'b001,3'b000,3'b000,3'b000,13'h0001,13'h0100,13'h0001,13'h0001,13'h0001,13'h0100,13'h0001,13'h0001,1'b1,1'b0,1'b0,1'b0,1'b1,2'b10,2'b00,2'b10,1'b0,1'b0,3'd0,3'd0
03 /r,"ADD r32, r/m32",8'h03,1'b1,1'b1,1'b0,8'h00,5'b00001,3'b000,1'b0,1'b0,37'b0_0000_0000_0000_0000_0000_0000_0000_0000_0001,18'b000000000_1_0_00_1_1_1_1_1,2'b00,1'b0,1'b0,1'b0,1'b0,2'b00,2'b10,3'b000,3'b000,3'b100,3'b000,3'b001,3'b000,3'b000,3'b000,13'h0001,13'h0100,13'h0001,13'h0001,13'h0001,13'h0100,13'h0001,13'h0001,1'b1,1'b0,1'b0,1'b0,1'b1,2'b10,2'b00,2'b10,1'b0,1'b0,3'd0,3'd0
24 ib,"AND AL, imm8",8'h24,1'b0,1'b0,1'b0,8'h00,5'b00000,3'b000,1'b0,1'b0,37'b0_0000_0000_0000_0000_0000_0000_0000_0000_0010,18'b000000000_1_0_00_1_1_0_1_1,2'b00,1'b0,1'b0,1'b0,1'b1,2'b00,2'b00,3'b000,3'b000,3'b100,3'b000,3'b001,3'b000,3'b000,3'b000,13'h0001,13'h1000,13'h0001,13'h0001,13'h0001,13'h1000,13'h0001,13'h0001,1'b1,1'b0,1'b0,1'b0,1'b0,2'b00,2'b00,2'b00,1'b0,1'b0,3'd0,3'd0
25 id,"AND EAX, imm32",8'h25,1'b0,1'b0,1'b0,8'h00,5'b00000,3'b000,1'b0,1'b0,37'b0_0000_0000_0000_0000_0000_0000_0000_0000_0010,18'b000000000_1_0_00_1_1_0_1_1,2'b00,1'b0,1'b0,1'b0,1'b1,2'b10,2'b10,3'b000,3'b000,3'b100,3'b000,3'b001,3'b000,3'b000,3'b000,13'h0001,13'h1000,13'h0001,13'h0001,13'h0001,13'h1000,13'h0001,13'h0001,1'b1,1'b0,1'b0,1'b0,1'b0,2'b00,2'b00,2'b00,1'b0,1'b0,3'd0,3'd0
80 /4 ib ?,"AND r/m8, imm8",8'h80,1'b1,1'b0,1'b0,8'h00,5'b00000,3'b000,1'b0,1'b0,37'b0_0000_0000_0000_0000_0000_0000_0000_0000_0010,18'b000000000_1_0_00_1_1_0_1_1,2'b00,1'b0,1'b0,1'b0,1'b1,2'b00,2'b00,3'b000,3'b000,3'b100,3'b000,3'b001,3'b000,3'b000,3'b000,13'h0100,13'h1000,13'h0001,13'h0001,13'h0100,13'h1000,13'h0001,13'h0001,1'b1,1'b0,1'b0,1'b0,1'b0,2'b11,2'b00,2'b01,1'b0,1'b0,1'b1,3'd4
81 /4 id ?,"AND r/m32, imm32",8'h81,1'b1,1'b0,1'b0,8'h00,5'b00000,3'b000,1'b0,1'b0,37'b0_0000_0000_0000_0000_0000_0000_0000_0000_0010,18'b000000000_1_0_00_1_1_0_1_1,2'b00,1'b0,1'b0,1'b0,1'b1,2'b10,2'b10,3'b000,3'b000,3'b100,3'b000,3'b001,3'b000,3'b000,3'b000,13'h0100,13'h1000,13'h0001,13'h0001,13'h0100,13'h1000,13'h0001,13'h0001,1'b1,1'b0,1'b0,1'b0,1'b0,2'b11,2'b00,2'b01,1'b0,1'b0,1'b1,3'd4
83 /4 ib ?,"AND r/m32, imm8",8'h83,1'b1,1'b0,1'b0,8'h00,5'b00000,3'b000,1'b0,1'b0,37'b0_0000_0000_0000_0000_0000_0000_0000_0000_0010,18'b000000000_1_0_00_1_1_0_1_1,2'b00,1'b0,1'b0,1'b0,1'b1,2'b00,2'b10,3'b000,3'b000,3'b100,3'b000,3'b001,3'b000,3'b000,3'b000,13'h0100,13'h1000,13'h0001,13'h0001,13'h0100,13'h1000,13'h0001,13'h0001,1'b1,1'b0,1'b0,1'b0,1'b0,2'b11,2'b00,2'b01,1'b0,1'b0,1'b1,3'd4
20 /r,"AND r/m8, r8",8'h20,1'b1,1'b0,1'b0,8'h00,5'b00000,3'b000,1'b0,1'b0,37'b0_0000_0000_0000_0000_0000_0000_0000_0000_0010,18'b000000000_1_0_00_1_1_0_1_1,2'b00,1'b0,1'b0,1'b0,1'b0,2'b00,2'b00,3'b000,3'b000,3'b100,3'b000,3'b001,3'b000,3'b000,3'b000,13'h0100,13'h0001,13'h0001,13'h0001,13'h0100,13'h0001,13'h0001,13'h0001,1'b1,1'b0,1'b0,1'b0,1'b1,2'b11,2'b00,2'b01,1'b0,1'b0,3'd0,3'd0
21 /r,"AND r/m32, r32",8'h21,1'b1,1'b0,1'b0,8'h00,5'b00000,3'b000,1'b0,1'b0,37'b0_0000_0000_0000_0000_0000_0000_0000_0000_0010,18'b000000000_1_0_00_1_1_0_1_1,2'b00,1'b0,1'b0,1'b0,1'b0,2'b00,2'b10,3'b000,3'b000,3'b100,3'b000,3'b001,3'b000,3'b000,3'b000,13'h0100,13'h0001,13'h0001,13'h0001,13'h0100,13'h0001,13'h0001,13'h0001,1'b1,1'b0,1'b0,1'b0,1'b1,2'b11,2'b00,2'b01,1'b0,1'b0,3'd0,3'd0
22 /r,"AND r8, r/m8",8'h22,1'b1,1'b1,1'b0,8'h00,5'b00000,3'b000,1'b0,1'b0,37'b0_0000_0000_0000_0000_0000_0000_0000_0000_0010,18'b000000000_1_0_00_1_1_0_1_1,2'b00,1'b0,1'b0,1'b0,1'b0,2'b00,2'b00,3'b000,3'b000,3'b100,3'b000,3'b001,3'b000,3'b000,3'b000,13'h0001,13'h0100,13'h0001,13'h0001,13'h0001,13'h0100,13'h0001,13'h0001,1'b1,1'b0,1'b0,1'b0,1'b1,2'b10,2'b00,2'b10,1'b0,1'b0,3'd0,3'd0
23 /r,"AND r32, r/m32",8'h23,1'b1,1'b1,1'b0,8'h00,5'b00000,3'b000,1'b0,1'b0,37'b0_0000_0000_0000_0000_0000_0000_0000_0000_0010,18'b000000000_1_0_00_1_1_0_1_1,2'b00,1'b0,1'b0,1'b0,1'b0,2'b00,2'b10,3'b000,3'b000,3'b100,3'b000,3'b001,3'b000,3'b000,3'b000,13'h0001,13'h0100,13'h0001,13'h0001,13'h0001,13'h0100,13'h0001,13'h0001,1'b1,1'b0,1'b0,1'b0,1'b1,2'b10,2'b00,2'b10,1'b0,1'b0,3'd0,3'd0
0F BC,"BSF r32, r/m32",8'h0F,1'b1,1'b1,1'b1,8'hBC,5'b00010,3'b000,1'b0,1'b0,37'b0_0000_0000_0000_0000_0000_0000_0000_0000_0100,18'b000000000_0_0_00_1_1_1_1_1,2'b00,1'b0,1'b0,1'b0,1'b0,2'b00,2'b10,3'b000,3'b000,3'b100,3'b000,3'b001,3'b000,3'b000,3'b000,13'h0001,13'h0100,13'h0001,13'h0001,13'h0001,13'h0100,13'h0001,13'h0001,1'b1,1'b0,1'b0,1'b0,1'b1,2'b10,2'b00,2'b10,1'b0,1'b0,3'd0,3'd0
E8 cd,CALL rel32,8'hE8,1'b0,1'b0,1'b0,8'h00,5'b00001,3'b000,1'b0,1'b0,37'b0_0000_0000_0000_0000_0000_0000_0000_0000_1000,18'b000000000_0_0_00_0_0_0_0_0,2'b00,1'b0,1'b1,1'b0,1'b1,2'b10,2'b10,3'b000,3'b111,3'b100,3'b000,3'b010,3'b000,3'b000,3'b000,13'h0400,13'h1000,13'h0400,13'h0002,13'h0400,13'h0001,13'h0100,13'h0002,1'b1,1'b0,1'b1,1'b1,1'b0,2'b01,2'b00,2'b00,1'b0,1'b0,3'd0,3'd0
FF /2 ?,CALL r/m32,8'hFF,1'b1,1'b0,1'b0,8'h00,5'b00100,3'b000,1'b0,1'b0,37'b0_0100_0000_0000_0000_0000_0000_0000_0000_0000,18'b000000000_0_0_00_0_0_0_0_0,2'b00,1'b0,1'b1,1'b0,1'b0,2'b00,2'b10,3'b000,3'b000,3'b100,3'b111,3'b001,3'b010,3'b000,3'b000,13'h0100,13'h0001,13'h0400,13'h0008,13'h0400,13'h0001,13'h0200,13'h0008,1'b1,1'b0,1'b1,1'b1,1'b0,2'b10,2'b01,2'b01,1'b0,1'b0,1'b1,3'd2
9A cp,CALL ptr16:32,8'h9A,1'b0,1'b0,1'b0,8'h00,5'b00100,3'b000,1'b0,1'b0,37'b0_1000_0000_0000_0000_0000_0000_0000_0000_0000,18'b000000000_0_0_00_0_0_0_0_0,2'b00,1'b0,1'b1,1'b0,1'b0,2'b00,2'b10,3'b000,3'b111,3'b100,3'b000,3'b010,3'b000,3'b000,3'b000,13'h1000,13'h1000,13'h0800,13'h0010,13'h0001,13'h0001,13'h0100,13'h0010,1'b0,1'b0,1'b1,1'b1,1'b0,2'b01,2'b00,2'b00,1'b0,1'b1,3'd0,3'd0
FC,CLD,8'hFC,1'b0,1'b0,1'b0,8'h00,5'b00101,3'b000,1'b0,1'b0,37'b0_0000_0000_0000_0000_0000_0000_0000_0001_0000,18'b000000000_0_1_00_0_0_0_0_0,2'b00,1'b0,1'b0,1'b0,1'b0,2'b00,2'b00,3'b000,3'b000,3'b100,3'b000,3'b001,3'b000,3'b000,3'b000,13'h0001,13'h0001,13'h0001,13'h0001,13'h0001,13'h0001,13'h0001,13'h0001,1'b0,1'b0,1'b0,1'b0,1'b0,2'b00,2'b00,2'b00,1'b0,1'b0,3'd0,3'd0
0F 42 /r,"CMOVC r32, r/m32",8'h0F,1'b1,1'b1,1'b1,8'h42,5'b00011,3'b000,1'b0,1'b0,37'b0_0000_0000_0000_0000_0000_0000_0000_0100_0000,18'b000000000__0_00_0_0_0_0_0,2'b01,1'b0,1'b0,1'b0,1'b0,2'b00,2'b10,3'b000,3'b000,3'b100,3'b000,3'b001,3'b000,3'b000,3'b000,13'h0001,13'h0100,13'h0001,13'h0001,13'h0001,13'h0001,13'h0001,13'h0001,1'b1,1'b0,1'b0,1'b0,1'b1,2'b10,2'b00,2'b10,1'b0,1'b0,3'd0,3'd0
0F B0 /r,"CMPXCHG r/m8, r8",8'h0F,1'b1,1'b0,1'b1,8'hB0,5'b00111,3'b000,1'b0,1'b0,37'b0_0000_0000_0000_0000_0000_0000_0000_1000_0000,18'b000000000_1_0_00_1_1_1_1_1,2'b00,1'b0,1'b0,1'b0,1'b0,2'b00,2'b00,3'b000,3'b000,3'b100,3'b000,3'b001,3'b000,3'b000,3'b000,13'h0100,13'h0001,13'h0008,13'h0001,13'h0100,13'h0001,13'h0008,13'h0001,1'b1,1'b0,1'b0,1'b0,1'b1,2'b11,2'b00,2'b01,1'b0,1'b0,3'd0,3'd0
0F B1 /r,"CMPXCHG r/m32, r32",8'h0F,1'b1,1'b0,1'b1,8'hB1,5'b00111,3'b000,1'b0,1'b0,37'b0_0000_0000_0000_0000_0000_0000_0000_1000_0000,18'b000000000_1_0_00_1_1_1_1_1,2'b00,1'b0,1'b0,1'b0,1'b0,2'b00,2'b10,3'b000,3'b000,3'b100,3'b000,3'b001,3'b000,3'b000,3'b000,13'h0100,13'h0001,13'h0008,13'h0001,13'h0100,13'h0001,13'h0008,13'h0001,1'b1,1'b0,1'b0,1'b0,1'b1,2'b11,2'b00,2'b01,1'b0,1'b0,3'd0,3'd0
27,DAA,8'h27,1'b0,1'b0,1'b0,8'h00,5'b01000,3'b000,1'b0,1'b0,37'b0_0000_0000_0000_0000_0000_0000_0001_0000_0000,18'b000000000_0_0_00_1_1_1_1_1,2'b00,1'b0,1'b0,1'b0,1'b0,2'b00,2'b00,3'b000,3'b000,3'b100,3'b000,3'b001,3'b000,3'b000,3'b000,13'h0001,13'h0001,13'h0001,13'h0001,13'h0001,13'h0001,13'h0001,13'h0001,1'b1,1'b0,1'b0,1'b0,1'b0,2'b00,2'b00,2'b00,1'b0,1'b0,3'd0,3'd0
F4,HLT,8'hF4,1'b0,1'b0,1'b0,8'h00,5'b00100,3'b000,1'b0,1'b0,37'b0_0000_0000_0000_0000_0000_0000_0010_0000_0000,18'b000000000_0_0_00_0_0_0_0_0,2'b00,1'b0,1'b0,1'b0,1'b0,2'b00,2'b00,3'b000,3'b000,3'b000,3'b000,3'b000,3'b000,3'b000,3'b000,13'h0001,13'h0001,13'h0001,13'h0001,13'h0001,13'h0001,13'h0001,13'h0001,1'b0,1'b0,1'b0,1'b0,1'b0,2'b00,2'b00,2'b00,1'b0,1'b0,3'd0,3'd0
CF,IREtd,8'hCF,1'b0,1'b0,1'b0,8'h00,5'b00100,3'b000,1'b0,1'b0,37'b0_0000_0000_0000_0000_0000_0000_0100_0000_0000,18'b000000000_0_0_00_0_0_0_0_0,2'b00,1'b0,1'b0,1'b0,1'b0,2'b00,2'b00,3'b000,3'b000,3'b000,3'b000,3'b000,3'b000,3'b000,3'b000,13'h0001,13'h0001,13'h0001,13'h0001,13'h0001,13'h0001,13'h0001,13'h0001,1'b0,1'b0,1'b0,1'b0,1'b0,2'b00,2'b00,2'b00,1'b0,1'b0,3'd0,3'd0
77 cb,JNBE rel8,8'h77,1'b0,1'b0,1'b0,8'h00,5'b00001,3'b000,1'b0,1'b0,37'b0_0000_0000_0000_0000_0000_0000_1000_0000_0000,18'b000000000_0_0_00_0_0_0_0_0,2'b11,1'b0,1'b1,1'b0,1'b1,2'b00,2'b00,3'b000,3'b111,3'b100,3'b000,3'b010,3'b000,3'b000,3'b000,13'h0400,13'h1000,13'h0001,13'h0001,13'h0400,13'h0001,13'h0001,13'h0001,1'b1,1'b0,1'b0,1'b0,1'b0,2'b00,2'b00,2'b00,1'b0,1'b0,3'd0,3'd0
75 cb,JNE rel8,8'h75,1'b0,1'b0,1'b0,8'h00,5'b00001,3'b000,1'b0,1'b0,37'b0_0000_0000_0000_0000_0000_0000_1000_0000_0000,18'b000000000_0_0_00_0_0_0_0_0,2'b10,1'b0,1'b1,1'b0,1'b1,2'b00,2'b00,3'b000,3'b111,3'b100,3'b000,3'b010,3'b000,3'b000,3'b000,13'h0400,13'h1000,13'h0001,13'h0001,13'h0400,13'h0001,13'h0001,13'h0001,1'b1,1'b0,1'b0,1'b0,1'b0,2'b00,2'b00,2'b00,1'b0,1'b0,3'd0,3'd0
0F 87 cd,JNBE rel32,8'h0F,1'b0,1'b0,1'b1,8'h87,5'b00001,3'b000,1'b0,1'b0,37'b0_0000_0000_0000_0000_0000_0000_1000_0000_0000,18'b000000000_0_0_00_0_0_0_0_0,2'b11,1'b0,1'b1,1'b0,1'b1,2'b10,2'b10,3'b000,3'b111,3'b100,3'b000,3'b010,3'b000,3'b000,3'b000,13'h0400,13'h1000,13'h0001,13'h0001,13'h0400,13'h0001,13'h0001,13'h0001,1'b1,1'b0,1'b0,1'b0,1'b0,2'b00,2'b00,2'b00,1'b0,1'b0,3'd0,3'd0
0F 85 cd,JNE rel32,8'h0F,1'b0,1'b0,1'b1,8'h85,5'b00001,3'b000,1'b0,1'b0,37'b0_0000_0000_0000_0000_0000_0000_1000_0000_0000,18'b000000000_0_0_00_0_0_0_0_0,2'b10,1'b0,1'b1,1'b0,1'b1,2'b10,2'b10,3'b000,3'b111,3'b100,3'b000,3'b010,3'b000,3'b000,3'b000,13'h0400,13'h1000,13'h0001,13'h0001,13'h0400,13'h0001,13'h0001,13'h0001,1'b1,1'b0,1'b0,1'b0,1'b0,2'b00,2'b00,2'b00,1'b0,1'b0,3'd0,3'd0
EB cb,JMP rel8,8'hEB,1'b0,1'b0,1'b0,8'h00,5'b00001,3'b000,1'b0,1'b0,37'b0_0000_0000_0000_0000_0000_0000_1000_0000_0000,18'b000000000_0_0_00_0_0_0_0_0,2'b00,1'b0,1'b1,1'b0,1'b1,2'b00,2'b00,3'b000,3'b111,3'b100,3'b000,3'b010,3'b000,3'b000,3'b000,13'h0400,13'h1000,13'h0001,13'h0001,13'h0400,13'h0001,13'h0001,13'h0001,1'b1,1'b0,1'b0,1'b0,1'b0,2'b00,2'b00,2'b00,1'b0,1'b0,3'd0,3'd0
E9 cd,JMP rel32,8'hE9,1'b0,1'b0,1'b0,8'h00,5'b00001,3'b000,1'b0,1'b0,37'b0_0000_0000_0000_0000_0000_0000_1000_0000_0000,18'b000000000_0_0_00_0_0_0_0_0,2'b00,1'b0,1'b1,1'b0,1'b1,2'b10,2'b10,3'b000,3'b111,3'b100,3'b000,3'b010,3'b000,3'b000,3'b000,13'h0400,13'h1000,13'h0001,13'h0001,13'h0400,13'h0001,13'h0001,13'h0001,1'b1,1'b0,1'b0,1'b0,1'b0,2'b00,2'b00,2'b00,1'b0,1'b0,3'd0,3'd0
FF /4 ?,JMP r/m32,8'hFF,1'b1,1'b0,1'b0,8'h00,5'b00100,3'b000,1'b0,1'b0,37'b0_0100_0000_0000_0000_0000_0000_0000_0000_0000,18'b000000000_0_0_00_0_0_0_0_0,2'b00,1'b0,1'b1,1'b0,1'b0,2'b00,2'b10,3'b000,3'b000,3'b100,3'b111,3'b001,3'b010,3'b000,3'b000,13'h0100,13'h0001,13'h0400,13'h0008,13'h0400,13'h0001,13'h0200,13'h0008,1'b1,1'b0,1'b1,1'b1,1'b0,2'b10,2'b01,2'b01,1'b0,1'b0,1'b1,3'd4
EA cp,JMP ptr16:32,8'hEA,1'b0,1'b0,1'b0,8'h00,5'b00100,3'b000,1'b0,1'b0,37'b0_0001_0000_0000_0000_0000_0000_0000_0000_0000,18'b000000000_0_0_00_0_0_0_0_0,2'b00,1'b0,1'b1,1'b0,1'b0,2'b00,2'b10,3'b000,3'b111,3'b100,3'b000,3'b010,3'b000,3'b000,3'b000,13'h1000,13'h0001,13'h0001,13'h0001,13'h0001,13'h0001,13'h0001,13'h0001,1'b0,1'b0,1'b0,1'b0,1'b0,2'b01,2'b00,2'b00,1'b0,1'b0,3'd0,3'd0
88 /r,"MOV r/m8, r8",8'h88,1'b1,1'b0,1'b0,8'h00,5'b00011,3'b000,1'b0,1'b0,37'b0_0000_0000_0000_0000_0000_0010_0000_0000_0000,18'b000000000_0_0_00_0_0_0_0_0,2'b00,1'b0,1'b0,1'b0,1'b0,2'b00,2'b00,3'b000,3'b000,3'b100,3'b000,3'b001,3'b000,3'b000,3'b000,13'h0100,13'h0001,13'h0001,13'h0001,13'h0100,13'h0001,13'h0001,13'h0001,1'b1,1'b0,1'b0,1'b0,1'b1,2'b11,2'b00,2'b01,1'b0,1'b0,3'd0,3'd0
89 /r,"MOV r/m32, r32",8'h89,1'b1,1'b0,1'b0,8'h00,5'b00011,3'b000,1'b0,1'b0,37'b0_0000_0000_0000_0000_0000_0010_0000_0000_0000,18'b000000000_0_0_00_0_0_0_0_0,2'b00,1'b0,1'b0,1'b0,1'b0,2'b00,2'b10,3'b000,3'b000,3'b100,3'b000,3'b001,3'b000,3'b000,3'b000,13'h0100,13'h0001,13'h0001,13'h0001,13'h0100,13'h0001,13'h0001,13'h0001,1'b1,1'b0,1'b0,1'b0,1'b1,2'b11,2'b00,2'b01,1'b0,1'b0,3'd0,3'd0
8A /r,"MOV r8, r/m8",8'h8A,1'b1,1'b1,1'b0,8'h00,5'b00011,3'b000,1'b0,1'b0,37'b0_0000_0000_0000_0000_0000_0010_0000_0000_0000,18'b000000000_0_0_00_0_0_0_0_0,2'b00,1'b0,1'b0,1'b0,1'b0,2'b00,2'b00,3'b000,3'b000,3'b100,3'b000,3'b001,3'b000,3'b000,3'b000,13'h0001,13'h0100,13'h0001,13'h0001,13'h0001,13'h0001,13'h0001,13'h0001,1'b1,1'b0,1'b0,1'b0,1'b1,2'b10,2'b00,2'b10,1'b0,1'b0,3'd0,3'd0
8B /r,"MOV r32, r/m32",8'h8B,1'b1,1'b1,1'b0,8'h00,5'b00011,3'b000,1'b0,1'b0,37'b0_0000_0000_0000_0000_0000_0010_0000_0000_0000,18'b000000000_0_0_00_0_0_0_0_0,2'b00,1'b0,1'b0,1'b0,1'b0,2'b00,2'b10,3'b000,3'b000,3'b100,3'b000,3'b001,3'b000,3'b000,3'b000,13'h0001,13'h0100,13'h0001,13'h0001,13'h0001,13'h0001,13'h0001,13'h0001,1'b1,1'b0,1'b0,1'b0,1'b1,2'b10,2'b00,2'b10,1'b0,1'b0,3'd0,3'd0
8C /r,"MOV r/m16, Sreg",8'h8C,1'b1,1'b0,1'b0,8'h00,5'b00011,3'b000,1'b0,1'b0,37'b0_0000_0000_0000_0000_0000_0010_0000_0000_0000,18'b000000000_0_0_00_0_0_0_0_0,2'b00,1'b0,1'b0,1'b0,1'b0,2'b00,2'b00,3'b000,3'b000,3'b100,3'b000,3'b001,3'b000,3'b000,3'b000,13'h0100,13'h0040,13'h0001,13'h0001,13'h0100,13'h0001,13'h0001,13'h0001,1'b1,1'b0,1'b0,1'b0,1'b0,2'b11,2'b00,2'b01,1'b1,1'b0,3'd0,3'd0
8E /r,"MOV Sreg, r/m16",8'h8E,1'b1,1'b1,1'b0,8'h00,5'b00011,3'b000,1'b0,1'b0,37'b0_0000_0000_0000_0000_0000_0010_0000_0000_0000,18'b000000000_0_0_00_0_0_0_0_0,2'b00,1'b0,1'b0,1'b0,1'b0,2'b00,2'b00,3'b000,3'b000,3'b100,3'b000,3'b001,3'b000,3'b000,3'b000,13'h0040,13'h0100,13'h0001,13'h0001,13'h0040,13'h0001,13'h0001,13'h0001,1'b1,1'b0,1'b0,1'b0,1'b0,2'b10,2'b00,2'b10,1'b1,1'b0,3'd0,3'd0
B0+ rb,"MOV r8, imm8",8'hB0,1'b0,1'b0,1'b0,8'h00,5'b00011,3'b000,1'b0,1'b0,37'b0_0000_0000_0000_0000_0000_0010_0000_0000_0000,18'b000000000_0_0_00_0_0_0_0_0,2'b00,1'b0,1'b0,1'b0,1'b1,2'b00,2'b00,3'd0,3'b000,3'b100,3'b000,3'b001,3'b000,3'b000,3'b000,13'h0001,13'h1000,13'h0001,13'h0001,13'h0001,13'h0001,13'h0001,13'h0001,1'b1,1'b0,1'b0,1'b0,1'b0,2'b00,2'b00,2'b00,1'b0,1'b0,3'd0,3'd0
B0+ rb,"MOV r8, imm8",8'hB1,1'b0,1'b0,1'b0,8'h00,5'b00011,3'b000,1'b0,1'b0,37'b0_0000_0000_0000_0000_0000_0010_0000_0000_0000,18'b000000000_0_0_00_0_0_0_0_0,2'b00,1'b0,1'b0,1'b0,1'b1,2'b00,2'b00,3'd1,3'b000,3'b100,3'b000,3'b001,3'b000,3'b000,3'b000,13'h0001,13'h1000,13'h0001,13'h0001,13'h0001,13'h0001,13'h0001,13'h0001,1'b1,1'b0,1'b0,1'b0,1'b0,2'b00,2'b00,2'b00,1'b0,1'b0,3'd0,3'd0
B0+ rb,"MOV r8, imm8",8'hB2,1'b0,1'b0,1'b0,8'h00,5'b00011,3'b000,1'b0,1'b0,37'b0_0000_0000_0000_0000_0000_0010_0000_0000_0000,18'b000000000_0_0_00_0_0_0_0_0,2'b00,1'b0,1'b0,1'b0,1'b1,2'b00,2'b00,3'd2,3'b000,3'b100,3'b000,3'b001,3'b000,3'b000,3'b000,13'h0001,13'h1000,13'h0001,13'h0001,13'h0001,13'h0001,13'h0001,13'h0001,1'b1,1'b0,1'b0,1'b0,1'b0,2'b00,2'b00,2'b00,1'b0,1'b0,3'd0,3'd0
B0+ rb,"MOV r8, imm8",8'hB3,1'b0,1'b0,1'b0,8'h00,5'b00011,3'b000,1'b0,1'b0,37'b0_0000_0000_0000_0000_0000_0010_0000_0000_0000,18'b000000000_0_0_00_0_0_0_0_0,2'b00,1'b0,1'b0,1'b0,1'b1,2'b00,2'b00,3'd3,3'b000,3'b100,3'b000,3'b001,3'b000,3'b000,3'b000,13'h0001,13'h1000,13'h0001,13'h0001,13'h0001,13'h0001,13'h0001,13'h0001,1'b1,1'b0,1'b0,1'b0,1'b0,2'b00,2'b00,2'b00,1'b0,1'b0,3'd0,3'd0
B0+ rb,"MOV r8, imm8",8'hB4,1'b0,1'b0,1'b0,8'h00,5'b00011,3'b000,1'b0,1'b0,37'b0_0000_0000_0000_0000_0000_0010_0000_0000_0000,18'b000000000_0_0_00_0_0_0_0_0,2'b00,1'b0,1'b0,1'b0,1'b1,2'b00,2'b00,3'd4,3'b000,3'b100,3'b000,3'b001,3'b000,3'b000,3'b000,13'h0001,13'h1000,13'h0001,13'h0001,13'h0001,13'h0001,13'h0001,13'h0001,1'b1,1'b0,1'b0,1'b0,1'b0,2'b00,2'b00,2'b00,1'b0,1'b0,3'd0,3'd0
B0+ rb,"MOV r8, imm8",8'hB5,1'b0,1'b0,1'b0,8'h00,5'b00011,3'b000,1'b0,1'b0,37'b0_0000_0000_0000_0000_0000_0010_0000_0000_0000,18'b000000000_0_0_00_0_0_0_0_0,2'b00,1'b0,1'b0,1'b0,1'b1,2'b00,2'b00,3'd5,3'b000,3'b100,3'b000,3'b001,3'b000,3'b000,3'b000,13'h0001,13'h1000,13'h0001,13'h0001,13'h0001,13'h0001,13'h0001,13'h0001,1'b1,1'b0,1'b0,1'b0,1'b0,2'b00,2'b00,2'b00,1'b0,1'b0,3'd0,3'd0
B0+ rb,"MOV r8, imm8",8'hB6,1'b0,1'b0,1'b0,8'h00,5'b00011,3'b000,1'b0,1'b0,37'b0_0000_0000_0000_0000_0000_0010_0000_0000_0000,18'b000000000_0_0_00_0_0_0_0_0,2'b00,1'b0,1'b0,1'b0,1'b1,2'b00,2'b00,3'd6,3'b000,3'b100,3'b000,3'b001,3'b000,3'b000,3'b000,13'h0001,13'h1000,13'h0001,13'h0001,13'h0001,13'h0001,13'h0001,13'h0001,1'b1,1'b0,1'b0,1'b0,1'b0,2'b00,2'b00,2'b00,1'b0,1'b0,3'd0,3'd0
B0+ rb,"MOV r8, imm8",8'hB7,1'b0,1'b0,1'b0,8'h00,5'b00011,3'b000,1'b0,1'b0,37'b0_0000_0000_0000_0000_0000_0010_0000_0000_0000,18'b000000000_0_0_00_0_0_0_0_0,2'b00,1'b0,1'b0,1'b0,1'b1,2'b00,2'b00,3'd7,3'b000,3'b100,3'b000,3'b001,3'b000,3'b000,3'b000,13'h0001,13'h1000,13'h0001,13'h0001,13'h0001,13'h0001,13'h0001,13'h0001,1'b1,1'b0,1'b0,1'b0,1'b0,2'b00,2'b00,2'b00,1'b0,1'b0,3'd0,3'd0
B8+ rd,"MOV r32, imm32",8'hB8,1'b0,1'b0,1'b0,8'h00,5'b00011,3'b000,1'b0,1'b0,37'b0_0000_0000_0000_0000_0000_0010_0000_0000_0000,18'b000000000_0_0_00_0_0_0_0_0,2'b00,1'b0,1'b0,1'b0,1'b1,2'b10,2'b10,3'd0,3'b000,3'b100,3'b000,3'b001,3'b000,3'b000,3'b000,13'h0001,13'h1000,13'h0001,13'h0001,13'h0001,13'h0001,13'h0001,13'h0001,1'b1,1'b0,1'b0,1'b0,1'b0,2'b00,2'b00,2'b00,1'b0,1'b0,3'd0,3'd0
B8+ rd,"MOV r32, imm32",8'hB9,1'b0,1'b0,1'b0,8'h00,5'b00011,3'b000,1'b0,1'b0,37'b0_0000_0000_0000_0000_0000_0010_0000_0000_0000,18'b000000000_0_0_00_0_0_0_0_0,2'b00,1'b0,1'b0,1'b0,1'b1,2'b10,2'b10,3'd1,3'b000,3'b100,3'b000,3'b001,3'b000,3'b000,3'b000,13'h0001,13'h1000,13'h0001,13'h0001,13'h0001,13'h0001,13'h0001,13'h0001,1'b1,1'b0,1'b0,1'b0,1'b0,2'b00,2'b00,2'b00,1'b0,1'b0,3'd0,3'd0
B8+ rd,"MOV r32, imm32",8'hBA,1'b0,1'b0,1'b0,8'h00,5'b00011,3'b000,1'b0,1'b0,37'b0_0000_0000_0000_0000_0000_0010_0000_0000_0000,18'b000000000_0_0_00_0_0_0_0_0,2'b00,1'b0,1'b0,1'b0,1'b1,2'b10,2'b10,3'd2,3'b000,3'b100,3'b000,3'b001,3'b000,3'b000,3'b000,13'h0001,13'h1000,13'h0001,13'h0001,13'h0001,13'h0001,13'h0001,13'h0001,1'b1,1'b0,1'b0,1'b0,1'b0,2'b00,2'b00,2'b00,1'b0,1'b0,3'd0,3'd0
B8+ rd,"MOV r32, imm32",8'hBB,1'b0,1'b0,1'b0,8'h00,5'b00011,3'b000,1'b0,1'b0,37'b0_0000_0000_0000_0000_0000_0010_0000_0000_0000,18'b000000000_0_0_00_0_0_0_0_0,2'b00,1'b0,1'b0,1'b0,1'b1,2'b10,2'b10,3'd3,3'b000,3'b100,3'b000,3'b001,3'b000,3'b000,3'b000,13'h0001,13'h1000,13'h0001,13'h0001,13'h0001,13'h0001,13'h0001,13'h0001,1'b1,1'b0,1'b0,1'b0,1'b0,2'b00,2'b00,2'b00,1'b0,1'b0,3'd0,3'd0
B8+ rd,"MOV r32, imm32",8'hBC,1'b0,1'b0,1'b0,8'h00,5'b00011,3'b000,1'b0,1'b0,37'b0_0000_0000_0000_0000_0000_0010_0000_0000_0000,18'b000000000_0_0_00_0_0_0_0_0,2'b00,1'b0,1'b0,1'b0,1'b1,2'b10,2'b10,3'd4,3'b000,3'b100,3'b000,3'b001,3'b000,3'b000,3'b000,13'h0001,13'h1000,13'h0001,13'h0001,13'h0001,13'h0001,13'h0001,13'h0001,1'b1,1'b0,1'b0,1'b0,1'b0,2'b00,2'b00,2'b00,1'b0,1'b0,3'd0,3'd0
B8+ rd,"MOV r32, imm32",8'hBD,1'b0,1'b0,1'b0,8'h00,5'b00011,3'b000,1'b0,1'b0,37'b0_0000_0000_0000_0000_0000_0010_0000_0000_0000,18'b000000000_0_0_00_0_0_0_0_0,2'b00,1'b0,1'b0,1'b0,1'b1,2'b10,2'b10,3'd5,3'b000,3'b100,3'b000,3'b001,3'b000,3'b000,3'b000,13'h0001,13'h1000,13'h0001,13'h0001,13'h0001,13'h0001,13'h0001,13'h0001,1'b1,1'b0,1'b0,1'b0,1'b0,2'b00,2'b00,2'b00,1'b0,1'b0,3'd0,3'd0
B8+ rd,"MOV r32, imm32",8'hBE,1'b0,1'b0,1'b0,8'h00,5'b00011,3'b000,1'b0,1'b0,37'b0_0000_0000_0000_0000_0000_0010_0000_0000_0000,18'b000000000_0_0_00_0_0_0_0_0,2'b00,1'b0,1'b0,1'b0,1'b1,2'b10,2'b10,3'd6,3'b000,3'b100,3'b000,3'b001,3'b000,3'b000,3'b000,13'h0001,13'h1000,13'h0001,13'h0001,13'h0001,13'h0001,13'h0001,13'h0001,1'b1,1'b0,1'b0,1'b0,1'b0,2'b00,2'b00,2'b00,1'b0,1'b0,3'd0,3'd0
B8+ rd,"MOV r32, imm32",8'hBF,1'b0,1'b0,1'b0,8'h00,5'b00011,3'b000,1'b0,1'b0,37'b0_0000_0000_0000_0000_0000_0010_0000_0000_0000,18'b000000000_0_0_00_0_0_0_0_0,2'b00,1'b0,1'b0,1'b0,1'b1,2'b10,2'b10,3'd7,3'b000,3'b100,3'b000,3'b001,3'b000,3'b000,3'b000,13'h0001,13'h1000,13'h0001,13'h0001,13'h0001,13'h0001,13'h0001,13'h0001,1'b1,1'b0,1'b0,1'b0,1'b0,2'b00,2'b00,2'b00,1'b0,1'b0,3'd0,3'd0
C6 /0,"MOV r/m8, imm8",8'hC6,1'b1,1'b0,1'b0,8'h00,5'b00011,3'b000,1'b0,1'b0,37'b0_0000_0000_0000_0000_0000_0010_0000_0000_0000,18'b000000000_0_0_00_0_0_0_0_0,2'b00,1'b0,1'b0,1'b0,1'b1,2'b00,2'b00,3'b000,3'b000,3'b100,3'b000,3'b001,3'b000,3'b000,3'b000,13'h0100,13'h1000,13'h0001,13'h0001,13'h0100,13'h0001,13'h0001,13'h0001,1'b1,1'b0,1'b0,1'b0,1'b0,2'b11,2'b00,2'b01,1'b0,1'b0,3'd0,3'd0
C7 /0,"MOV r/m32, imm32",8'hC7,1'b1,1'b0,1'b0,8'h00,5'b00011,3'b000,1'b0,1'b0,37'b0_0000_0000_0000_0000_0000_0010_0000_0000_0000,18'b000000000_0_0_00_0_0_0_0_0,2'b00,1'b0,1'b0,1'b0,1'b1,2'b10,2'b10,3'b000,3'b000,3'b100,3'b000,3'b001,3'b000,3'b000,3'b000,13'h0100,13'h1000,13'h0001,13'h0001,13'h0100,13'h0001,13'h0001,13'h0001,1'b1,1'b0,1'b0,1'b0,1'b0,2'b11,2'b00,2'b01,1'b0,1'b0,3'd0,3'd0
0F 6F /r,"MOVQ mm, mm/m64",8'h0F,1'b1,1'b1,1'b1,8'h6F,5'b00011,3'b000,1'b0,1'b0,37'b0_0000_0000_0000_0000_0000_0100_0000_0000_0000,18'b000000000_0_0_00_0_0_0_0_0,2'b00,1'b0,1'b0,1'b0,1'b0,2'b00,2'b11,3'b000,3'b000,3'b100,3'b000,3'b001,3'b000,3'b000,3'b000,13'h0001,13'h0100,13'h0001,13'h0001,13'h0001,13'h0100,13'h0001,13'h0001,1'b1,1'b0,1'b0,1'b0,1'b1,2'b10,2'b00,2'b10,1'b0,1'b0,3'd0,3'd0
0F 7F /r,"MOVQ mm/m64, mm",8'h0F,1'b1,1'b0,1'b1,8'h7F,5'b00011,3'b000,1'b0,1'b0,37'b0_0000_0000_0000_0000_0000_0100_0000_0000_0000,18'b000000000_0_0_00_0_0_0_0_0,2'b00,1'b0,1'b0,1'b0,1'b0,2'b00,2'b11,3'b000,3'b000,3'b100,3'b000,3'b001,3'b000,3'b000,3'b000,13'h0100,13'h0001,13'h0001,13'h0001,13'h0100,13'h0001,13'h0001,13'h0001,1'b1,1'b0,1'b0,1'b0,1'b1,2'b11,2'b00,2'b01,1'b0,1'b0,3'd0,3'd0
A4,"MOVS m8, m8",8'hA4,1'b0,1'b0,1'b0,8'h00,5'b00100,3'b000,1'b0,1'b0,37'b0_0000_0000_0000_0000_0000_1000_0000_0000_0000,18'b000000000_0_0_00_0_0_0_0_0,2'b00,1'b0,1'b0,1'b0,1'b0,2'b00,2'b00,3'b000,3'b101,3'b010,3'b110,3'b001,3'b011,3'b000,3'b000,13'h0100,13'h0002,13'h0008,13'h0004,13'h0200,13'h0002,13'h0008,13'h0004,1'b1,1'b1,1'b1,1'b0,1'b0,2'b10,2'b01,2'b00,1'b0,1'b0,3'd0,3'd0
A5,"MOVS m32, m32",8'hA5,1'b0,1'b0,1'b0,8'h00,5'b00100,3'b000,1'b0,1'b0,37'b0_0000_0000_0000_0000_0000_1000_0000_0000_0000,18'b000000000_0_0_00_0_0_0_0_0,2'b00,1'b0,1'b0,1'b0,1'b0,2'b00,2'b10,3'b000,3'b101,3'b010,3'b110,3'b001,3'b011,3'b000,3'b000,13'h0100,13'h0002,13'h0008,13'h0004,13'h0200,13'h0002,13'h0008,13'h0004,1'b1,1'b1,1'b1,1'b0,1'b0,2'b10,2'b01,2'b00,1'b0,1'b0,3'd0,3'd0
F6 /2,NOT r/m8,8'hF6,1'b1,1'b0,1'b0,8'h00,5'b01001,3'b000,1'b0,1'b0,37'b0_0000_0000_0000_0000_0001_0000_0000_0000_0000,18'b000000000_0_0_00_0_0_0_0_0,2'b00,1'b0,1'b0,1'b0,1'b0,2'b00,2'b00,3'b000,3'b000,3'b100,3'b000,3'b001,3'b000,3'b000,3'b000,13'h0100,13'h0001,13'h0001,13'h0001,13'h0100,13'h0001,13'h0001,13'h0001,1'b1,1'b0,1'b0,1'b0,1'b0,2'b11,2'b00,2'b01,1'b0,1'b0,3'd0,3'd0
F7 /2,NOT r/m32,8'hF7,1'b1,1'b0,1'b0,8'h00,5'b01001,3'b000,1'b0,1'b0,37'b0_0000_0000_0000_0000_0001_0000_0000_0000_0000,18'b000000000_0_0_00_0_0_0_0_0,2'b00,1'b0,1'b0,1'b0,1'b0,2'b00,2'b10,3'b000,3'b000,3'b100,3'b000,3'b001,3'b000,3'b000,3'b000,13'h0100,13'h0001,13'h0001,13'h0001,13'h0100,13'h0001,13'h0001,13'h0001,1'b1,1'b0,1'b0,1'b0,1'b0,2'b11,2'b00,2'b01,1'b0,1'b0,3'd0,3'd0
0C ib,"OR AL, imm8",8'h0C,1'b0,1'b0,1'b0,8'h00,5'b01010,3'b000,1'b0,1'b0,37'b0_0000_0000_0000_0000_0010_0000_0000_0000_0000,18'b000000000_1_0_00_1_1_0_1_1,2'b00,1'b0,1'b0,1'b0,1'b1,2'b00,2'b00,3'b000,3'b000,3'b100,3'b000,3'b001,3'b000,3'b000,3'b000,13'h0001,13'h1000,13'h0001,13'h0001,13'h0001,13'h1000,13'h0001,13'h0001,1'b1,1'b0,1'b0,1'b0,1'b0,2'b00,2'b00,2'b00,1'b0,1'b0,3'd0,3'd0
0D id,"OR EAX, imm32",8'h0D,1'b0,1'b0,1'b0,8'h00,5'b01010,3'b000,1'b0,1'b0,37'b0_0000_0000_0000_0000_0010_0000_0000_0000_0000,18'b000000000_1_0_00_1_1_0_1_1,2'b00,1'b0,1'b0,1'b0,1'b1,2'b10,2'b10,3'b000,3'b000,3'b100,3'b000,3'b001,3'b000,3'b000,3'b000,13'h0001,13'h1000,13'h0001,13'h0001,13'h0001,13'h1000,13'h0001,13'h0001,1'b1,1'b0,1'b0,1'b0,1'b0,2'b00,2'b00,2'b00,1'b0,1'b0,3'd0,3'd0
80 /1 ib ?,"OR r/m8, imm8",8'h80,1'b1,1'b0,1'b0,8'h00,5'b01010,3'b000,1'b0,1'b0,37'b0_0000_0000_0000_0000_0010_0000_0000_0000_0000,18'b000000000_1_0_00_1_1_0_1_1,2'b00,1'b0,1'b0,1'b0,1'b1,2'b00,2'b00,3'b000,3'b000,3'b100,3'b000,3'b001,3'b000,3'b000,3'b000,13'h0100,13'h1000,13'h0001,13'h0001,13'h0100,13'h1000,13'h0001,13'h0001,1'b1,1'b0,1'b0,1'b0,1'b0,2'b11,2'b00,2'b01,1'b0,1'b0,1'b1,3'd1
81 /1 id ?,"OR r/m32, imm32",8'h81,1'b1,1'b0,1'b0,8'h00,5'b01010,3'b000,1'b0,1'b0,37'b0_0000_0000_0000_0000_0010_0000_0000_0000_0000,18'b000000000_1_0_00_1_1_0_1_1,2'b00,1'b0,1'b0,1'b0,1'b1,2'b10,2'b10,3'b000,3'b000,3'b100,3'b000,3'b001,3'b000,3'b000,3'b000,13'h0100,13'h1000,13'h0001,13'h0001,13'h0100,13'h1000,13'h0001,13'h0001,1'b1,1'b0,1'b0,1'b0,1'b0,2'b11,2'b00,2'b01,1'b0,1'b0,1'b1,3'd1
83 /1 ib ?,"OR r/m32, imm8",8'h83,1'b1,1'b0,1'b0,8'h00,5'b01010,3'b000,1'b0,1'b0,37'b0_0000_0000_0000_0000_0010_0000_0000_0000_0000,18'b000000000_1_0_00_1_1_0_1_1,2'b00,1'b0,1'b0,1'b0,1'b1,2'b00,2'b10,3'b000,3'b000,3'b100,3'b000,3'b001,3'b000,3'b000,3'b000,13'h0100,13'h1000,13'h0001,13'h0001,13'h0100,13'h1000,13'h0001,13'h0001,1'b1,1'b0,1'b0,1'b0,1'b0,2'b11,2'b00,2'b01,1'b0,1'b0,1'b1,3'd1
08 /r,"OR r/m8, r8",8'h08,1'b1,1'b0,1'b0,8'h00,5'b01010,3'b000,1'b0,1'b0,37'b0_0000_0000_0000_0000_0010_0000_0000_0000_0000,18'b000000000_1_0_00_1_1_0_1_1,2'b00,1'b0,1'b0,1'b0,1'b0,2'b00,2'b00,3'b000,3'b000,3'b100,3'b000,3'b001,3'b000,3'b000,3'b000,13'h0100,13'h0001,13'h0001,13'h0001,13'h0100,13'h0001,13'h0001,13'h0001,1'b1,1'b0,1'b0,1'b0,1'b1,2'b11,2'b00,2'b01,1'b0,1'b0,3'd0,3'd0
09 /r,"OR r/m32, r32",8'h09,1'b1,1'b0,1'b0,8'h00,5'b01010,3'b000,1'b0,1'b0,37'b0_0000_0000_0000_0000_0010_0000_0000_0000_0000,18'b000000000_1_0_00_1_1_0_1_1,2'b00,1'b0,1'b0,1'b0,1'b0,2'b00,2'b10,3'b000,3'b000,3'b100,3'b000,3'b001,3'b000,3'b000,3'b000,13'h0100,13'h0001,13'h0001,13'h0001,13'h0100,13'h0001,13'h0001,13'h0001,1'b1,1'b0,1'b0,1'b0,1'b1,2'b11,2'b00,2'b01,1'b0,1'b0,3'd0,3'd0
0A /r,"OR r8, r/m8",8'h0A,1'b1,1'b1,1'b0,8'h00,5'b01010,3'b000,1'b0,1'b0,37'b0_0000_0000_0000_0000_0010_0000_0000_0000_0000,18'b000000000_1_0_00_1_1_0_1_1,2'b00,1'b0,1'b0,1'b0,1'b0,2'b00,2'b00,3'b000,3'b000,3'b100,3'b000,3'b001,3'b000,3'b000,3'b000,13'h0001,13'h0100,13'h0001,13'h0001,13'h0001,13'h0100,13'h0001,13'h0001,1'b1,1'b0,1'b0,1'b0,1'b1,2'b10,2'b00,2'b10,1'b0,1'b0,3'd0,3'd0
0B /r,"OR r32, r/m32",8'h0B,1'b1,1'b1,1'b0,8'h00,5'b01010,3'b000,1'b0,1'b0,37'b0_0000_0000_0000_0000_0010_0000_0000_0000_0000,18'b000000000_1_0_00_1_1_0_1_1,2'b00,1'b0,1'b0,1'b0,1'b0,2'b00,2'b10,3'b000,3'b000,3'b100,3'b000,3'b001,3'b000,3'b000,3'b000,13'h0001,13'h0100,13'h0001,13'h0001,13'h0001,13'h0100,13'h0001,13'h0001,1'b1,1'b0,1'b0,1'b0,1'b1,2'b10,2'b00,2'b10,1'b0,1'b0,3'd0,3'd0
0F FD /r,"PADDW mm, mm/m64",8'h0F,1'b1,1'b1,1'b1,8'hFD,5'b01011,3'b000,1'b0,1'b0,37'b0_0000_0000_0000_0000_0100_0000_0000_0000_0000,18'b000000000_0_0_00_0_0_0_0_0,2'b00,1'b0,1'b0,1'b0,1'b0,2'b00,2'b11,3'b000,3'b000,3'b100,3'b000,3'b001,3'b000,3'b000,3'b000,13'h0001,13'h0100,13'h0001,13'h0001,13'h0001,13'h0100,13'h0001,13'h0001,1'b1,1'b0,1'b0,1'b0,1'b1,2'b10,2'b00,2'b10,1'b0,1'b0,3'd0,3'd0
0F FE /r,"PADDD mm, mm/m64",8'h0F,1'b1,1'b1,1'b1,8'hFE,5'b01100,3'b000,1'b0,1'b0,37'b0_0000_0000_0000_0000_1000_0000_0000_0000_0000,18'b000000000_0_0_00_0_0_0_0_0,2'b00,1'b0,1'b0,1'b0,1'b0,2'b00,2'b11,3'b000,3'b000,3'b100,3'b000,3'b001,3'b000,3'b000,3'b000,13'h0001,13'h0100,13'h0001,13'h0001,13'h0001,13'h0100,13'h0001,13'h0001,1'b1,1'b0,1'b0,1'b0,1'b1,2'b10,2'b00,2'b10,1'b0,1'b0,3'd0,3'd0
0F 63/r,"PACKSSWB mm1, mm/m64",8'h0F,1'b1,1'b1,1'b1,8'h63,5'b01101,3'b000,1'b0,1'b0,37'b0_0000_0000_0000_0001_0000_0000_0000_0000_0000,18'b000000000_0_0_00_0_0_0_0_0,2'b00,1'b0,1'b0,1'b0,1'b0,2'b00,2'b11,3'b000,3'b000,3'b100,3'b000,3'b001,3'b000,3'b000,3'b000,13'h0001,13'h0100,13'h0001,13'h0001,13'h0001,13'h0100,13'h0001,13'h0001,1'b1,1'b0,1'b0,1'b0,1'b1,2'b10,2'b00,2'b10,1'b0,1'b0,3'd0,3'd0
0F 6B/r,"PACKSSDW mm1, mm/m64",8'h0F,1'b1,1'b1,1'b1,8'h6B,5'b01110,3'b000,1'b0,1'b0,37'b0_0000_0000_0000_0010_0000_0000_0000_0000_0000,18'b000000000_0_0_00_0_0_0_0_0,2'b00,1'b0,1'b0,1'b0,1'b0,2'b00,2'b11,3'b000,3'b000,3'b100,3'b000,3'b001,3'b000,3'b000,3'b000,13'h0001,13'h0100,13'h0001,13'h0001,13'h0001,13'h0100,13'h0001,13'h0001,1'b1,1'b0,1'b0,1'b0,1'b1,2'b10,2'b00,2'b10,1'b0,1'b0,3'd0,3'd0
0F 68/r,"PUNPCKHBW mm1, mm/m64",8'h0F,1'b1,1'b1,1'b1,8'h68,5'b01111,3'b000,1'b0,1'b0,37'b0_0000_0000_0000_0100_0000_0000_0000_0000_0000,18'b000000000_0_0_00_0_0_0_0_0,2'b00,1'b0,1'b0,1'b0,1'b0,2'b00,2'b11,3'b000,3'b000,3'b100,3'b000,3'b001,3'b000,3'b000,3'b000,13'h0001,13'h0100,13'h0001,13'h0001,13'h0001,13'h0100,13'h0001,13'h0001,1'b1,1'b0,1'b0,1'b0,1'b1,2'b10,2'b00,2'b10,1'b0,1'b0,3'd0,3'd0
0F 69/r,"PUNPCKHWD mm1, mm/m64",8'h0F,1'b1,1'b1,1'b1,8'h69,5'b10000,3'b000,1'b0,1'b0,37'b0_0000_0000_0000_1000_0000_0000_0000_0000_0000,18'b000000000_0_0_00_0_0_0_0_0,2'b00,1'b0,1'b0,1'b0,1'b0,2'b00,2'b11,3'b000,3'b000,3'b100,3'b000,3'b001,3'b000,3'b000,3'b000,13'h0001,13'h0100,13'h0001,13'h0001,13'h0001,13'h0100,13'h0001,13'h0001,1'b1,1'b0,1'b0,1'b0,1'b1,2'b10,2'b00,2'b10,1'b0,1'b0,3'd0,3'd0
8F /0,POP r/m32,8'h8F,1'b1,1'b0,1'b0,8'h00,5'b00100,3'b000,1'b0,1'b0,37'b0_0000_0000_0001_0000_0000_0000_0000_0000_0000,18'b000000000_0_0_00_0_0_0_0_0,2'b00,1'b0,1'b0,1'b0,1'b0,2'b00,2'b10,3'b000,3'b000,3'b100,3'b111,3'b001,3'b010,3'b101,3'b000,13'h0200,13'h0001,13'h0001,13'h0008,13'h0100,13'h0001,13'h0001,13'h0008,1'b1,1'b0,1'b0,1'b1,1'b0,2'b01,2'b10,2'b01,1'b0,1'b0,3'd0,3'd0
58+ rd,POP r32,8'h58,1'b0,1'b0,1'b0,8'h00,5'b00100,3'b000,1'b0,1'b0,37'b0_0000_0000_0001_0000_0000_0000_0000_0000_0000,18'b000000000_0_0_00_0_0_0_0_0,2'b00,1'b0,1'b0,1'b0,1'b0,2'b00,2'b10,3'd0,3'b000,3'b100,3'b111,3'b001,3'b010,3'b101,3'b000,13'h0200,13'h0001,13'h0001,13'h0008,13'h0001,13'h0001,13'h0001,13'h0008,1'b1,1'b0,1'b0,1'b1,1'b0,2'b00,2'b10,2'b00,1'b0,1'b0,3'd0,3'd0
58+ rd,POP r32,8'h59,1'b0,1'b0,1'b0,8'h00,5'b00100,3'b000,1'b0,1'b0,37'b0_0000_0000_0001_0000_0000_0000_0000_0000_0000,18'b000000000_0_0_00_0_0_0_0_0,2'b00,1'b0,1'b0,1'b0,1'b0,2'b00,2'b10,3'd1,3'b000,3'b100,3'b111,3'b001,3'b010,3'b101,3'b000,13'h0200,13'h0001,13'h0001,13'h0008,13'h0001,13'h0001,13'h0001,13'h0008,1'b1,1'b0,1'b0,1'b1,1'b0,2'b00,2'b10,2'b00,1'b0,1'b0,3'd0,3'd0
58+ rd,POP r32,8'h5A,1'b0,1'b0,1'b0,8'h00,5'b00100,3'b000,1'b0,1'b0,37'b0_0000_0000_0001_0000_0000_0000_0000_0000_0000,18'b000000000_0_0_00_0_0_0_0_0,2'b00,1'b0,1'b0,1'b0,1'b0,2'b00,2'b10,3'd2,3'b000,3'b100,3'b111,3'b001,3'b010,3'b101,3'b000,13'h0200,13'h0001,13'h0001,13'h0008,13'h0001,13'h0001,13'h0001,13'h0008,1'b1,1'b0,1'b0,1'b1,1'b0,2'b00,2'b10,2'b00,1'b0,1'b0,3'd0,3'd0
58+ rd,POP r32,8'h5B,1'b0,1'b0,1'b0,8'h00,5'b00100,3'b000,1'b0,1'b0,37'b0_0000_0000_0001_0000_0000_0000_0000_0000_0000,18'b000000000_0_0_00_0_0_0_0_0,2'b00,1'b0,1'b0,1'b0,1'b0,2'b00,2'b10,3'd3,3'b000,3'b100,3'b111,3'b001,3'b010,3'b101,3'b000,13'h0200,13'h0001,13'h0001,13'h0008,13'h0001,13'h0001,13'h0001,13'h0008,1'b1,1'b0,1'b0,1'b1,1'b0,2'b00,2'b10,2'b00,1'b0,1'b0,3'd0,3'd0
58+ rd,POP r32,8'h5C,1'b0,1'b0,1'b0,8'h00,5'b00100,3'b000,1'b0,1'b0,37'b0_0000_0000_0001_0000_0000_0000_0000_0000_0000,18'b000000000_0_0_00_0_0_0_0_0,2'b00,1'b0,1'b0,1'b0,1'b0,2'b00,2'b10,3'd4,3'b000,3'b100,3'b111,3'b001,3'b010,3'b101,3'b000,13'h0200,13'h0001,13'h0001,13'h0008,13'h0001,13'h0001,13'h0001,13'h0008,1'b1,1'b0,1'b0,1'b1,1'b0,2'b00,2'b10,2'b00,1'b0,1'b0,3'd0,3'd0
58+ rd,POP r32,8'h5D,1'b0,1'b0,1'b0,8'h00,5'b00100,3'b000,1'b0,1'b0,37'b0_0000_0000_0001_0000_0000_0000_0000_0000_0000,18'b000000000_0_0_00_0_0_0_0_0,2'b00,1'b0,1'b0,1'b0,1'b0,2'b00,2'b10,3'd5,3'b000,3'b100,3'b111,3'b001,3'b010,3'b101,3'b000,13'h0200,13'h0001,13'h0001,13'h0008,13'h0001,13'h0001,13'h0001,13'h0008,1'b1,1'b0,1'b0,1'b1,1'b0,2'b00,2'b10,2'b00,1'b0,1'b0,3'd0,3'd0
58+ rd,POP r32,8'h5E,1'b0,1'b0,1'b0,8'h00,5'b00100,3'b000,1'b0,1'b0,37'b0_0000_0000_0001_0000_0000_0000_0000_0000_0000,18'b000000000_0_0_00_0_0_0_0_0,2'b00,1'b0,1'b0,1'b0,1'b0,2'b00,2'b10,3'd6,3'b000,3'b100,3'b111,3'b001,3'b010,3'b101,3'b000,13'h0200,13'h0001,13'h0001,13'h0008,13'h0001,13'h0001,13'h0001,13'h0008,1'b1,1'b0,1'b0,1'b1,1'b0,2'b00,2'b10,2'b00,1'b0,1'b0,3'd0,3'd0
58+ rd,POP r32,8'h5F,1'b0,1'b0,1'b0,8'h00,5'b00100,3'b000,1'b0,1'b0,37'b0_0000_0000_0001_0000_0000_0000_0000_0000_0000,18'b000000000_0_0_00_0_0_0_0_0,2'b00,1'b0,1'b0,1'b0,1'b0,2'b00,2'b10,3'd7,3'b000,3'b100,3'b111,3'b001,3'b010,3'b101,3'b000,13'h0200,13'h0001,13'h0001,13'h0008,13'h0001,13'h0001,13'h0001,13'h0008,1'b1,1'b0,1'b0,1'b1,1'b0,2'b00,2'b10,2'b00,1'b0,1'b0,3'd0,3'd0
1F,POP DS,8'h1F,1'b0,1'b0,1'b0,8'h00,5'b00100,3'b000,1'b0,1'b0,37'b0_0000_0000_0001_0000_0000_0000_0000_0000_0000,18'b000000000_0_0_00_0_0_0_0_0,2'b00,1'b0,1'b0,1'b0,1'b0,2'b00,2'b00,3'b000,3'b000,3'b100,3'b111,3'b001,3'b010,3'b001,3'b000,13'h0200,13'h0001,13'h0001,13'h0008,13'h0010,13'h0001,13'h0001,13'h0008,1'b1,1'b0,1'b0,1'b1,1'b0,2'b00,2'b10,2'b00,1'b0,1'b0,3'd0,3'd0
7,POP ES,8'h7,1'b0,1'b0,1'b0,8'h00,5'b00100,3'b000,1'b0,1'b0,37'b0_0000_0000_0001_0000_0000_0000_0000_0000_0000,18'b000000000_0_0_00_0_0_0_0_0,2'b00,1'b0,1'b0,1'b0,1'b0,2'b00,2'b00,3'b000,3'b000,3'b100,3'b111,3'b011,3'b010,3'b011,3'b000,13'h0200,13'h0001,13'h0001,13'h0008,13'h0010,13'h0001,13'h0001,13'h0008,1'b1,1'b0,1'b0,1'b1,1'b0,2'b00,2'b10,2'b00,1'b0,1'b0,3'd0,3'd0
17,POP SS,8'h17,1'b0,1'b0,1'b0,8'h00,5'b00100,3'b000,1'b0,1'b0,37'b0_0000_0000_0001_0000_0000_0000_0000_0000_0000,18'b000000000_0_0_00_0_0_0_0_0,2'b00,1'b0,1'b0,1'b0,1'b0,2'b00,2'b00,3'b000,3'b000,3'b100,3'b111,3'b010,3'b010,3'b010,3'b000,13'h0200,13'h0001,13'h0001,13'h0008,13'h0010,13'h0001,13'h0001,13'h0008,1'b1,1'b0,1'b0,1'b1,1'b0,2'b00,2'b10,2'b00,1'b0,1'b0,3'd0,3'd0
0F A1,POP FS,8'h0F,1'b0,1'b0,1'b1,8'hA1,5'b00100,3'b000,1'b0,1'b0,37'b0_0000_0000_0001_0000_0000_0000_0000_0000_0000,18'b000000000_0_0_00_0_0_0_0_0,2'b00,1'b0,1'b0,1'b0,1'b0,2'b00,2'b00,3'b000,3'b000,3'b100,3'b111,3'b100,3'b010,3'b100,3'b000,13'h0200,13'h0001,13'h0001,13'h0008,13'h0010,13'h0001,13'h0001,13'h0008,1'b1,1'b0,1'b0,1'b1,1'b0,2'b00,2'b10,2'b00,1'b0,1'b0,3'd0,3'd0
0F A9,POP GS,8'h0F,1'b0,1'b0,1'b1,8'hA9,5'b00100,3'b000,1'b0,1'b0,37'b0_0000_0000_0001_0000_0000_0000_0000_0000_0000,18'b000000000_0_0_00_0_0_0_0_0,2'b00,1'b0,1'b0,1'b0,1'b0,2'b00,2'b00,3'b000,3'b000,3'b100,3'b111,3'b101,3'b010,3'b101,3'b000,13'h0200,13'h0001,13'h0001,13'h0008,13'h0010,13'h0001,13'h0001,13'h0008,1'b1,1'b0,1'b0,1'b1,1'b0,2'b00,2'b10,2'b00,1'b0,1'b0,3'd0,3'd0
FF /6 ?,PUSH r/m32,8'hFF,1'b1,1'b0,1'b0,8'h00,5'b00100,3'b000,1'b0,1'b0,37'b0_0000_0000_0100_0000_0000_0000_0000_0000_0000,18'b000000000_0_0_00_0_0_0_0_0,2'b00,1'b0,1'b0,1'b0,1'b0,2'b00,2'b10,3'b000,3'b000,3'b100,3'b111,3'b001,3'b010,3'b101,3'b000,13'h0100,13'h0001,13'h0001,13'h0008,13'h0200,13'h0001,13'h0001,13'h0008,1'b1,1'b0,1'b0,1'b1,1'b0,2'b10,2'b01,2'b01,1'b0,1'b0,1'b1,3'd6
50+ rd,PUSH r32,8'h50,1'b0,1'b0,1'b0,8'h00,5'b00100,3'b000,1'b0,1'b0,37'b0_0000_0000_0100_0000_0000_0000_0000_0000_0000,18'b000000000_0_0_00_0_0_0_0_0,2'b00,1'b0,1'b0,1'b0,1'b0,2'b00,2'b10,3'd0,3'b000,3'b100,3'b111,3'b001,3'b010,3'b101,3'b000,13'h0001,13'h0001,13'h0001,13'h0008,13'h0200,13'h0001,13'h0001,13'h0008,1'b1,1'b0,1'b0,1'b1,1'b0,2'b00,2'b01,2'b00,1'b0,1'b0,3'd0,3'd0
50+ rd,PUSH r32,8'h51,1'b0,1'b0,1'b0,8'h00,5'b00100,3'b000,1'b0,1'b0,37'b0_0000_0000_0100_0000_0000_0000_0000_0000_0000,18'b000000000_0_0_00_0_0_0_0_0,2'b00,1'b0,1'b0,1'b0,1'b0,2'b00,2'b10,3'd1,3'b000,3'b100,3'b111,3'b001,3'b010,3'b101,3'b000,13'h0001,13'h0001,13'h0001,13'h0008,13'h0200,13'h0001,13'h0001,13'h0008,1'b1,1'b0,1'b0,1'b1,1'b0,2'b00,2'b01,2'b00,1'b0,1'b0,3'd0,3'd0
50+ rd,PUSH r32,8'h52,1'b0,1'b0,1'b0,8'h00,5'b00100,3'b000,1'b0,1'b0,37'b0_0000_0000_0100_0000_0000_0000_0000_0000_0000,18'b000000000_0_0_00_0_0_0_0_0,2'b00,1'b0,1'b0,1'b0,1'b0,2'b00,2'b10,3'd2,3'b000,3'b100,3'b111,3'b001,3'b010,3'b101,3'b000,13'h0001,13'h0001,13'h0001,13'h0008,13'h0200,13'h0001,13'h0001,13'h0008,1'b1,1'b0,1'b0,1'b1,1'b0,2'b00,2'b01,2'b00,1'b0,1'b0,3'd0,3'd0
50+ rd,PUSH r32,8'h53,1'b0,1'b0,1'b0,8'h00,5'b00100,3'b000,1'b0,1'b0,37'b0_0000_0000_0100_0000_0000_0000_0000_0000_0000,18'b000000000_0_0_00_0_0_0_0_0,2'b00,1'b0,1'b0,1'b0,1'b0,2'b00,2'b10,3'd3,3'b000,3'b100,3'b111,3'b001,3'b010,3'b101,3'b000,13'h0001,13'h0001,13'h0001,13'h0008,13'h0200,13'h0001,13'h0001,13'h0008,1'b1,1'b0,1'b0,1'b1,1'b0,2'b00,2'b01,2'b00,1'b0,1'b0,3'd0,3'd0
50+ rd,PUSH r32,8'h54,1'b0,1'b0,1'b0,8'h00,5'b00100,3'b000,1'b0,1'b0,37'b0_0000_0000_0100_0000_0000_0000_0000_0000_0000,18'b000000000_0_0_00_0_0_0_0_0,2'b00,1'b0,1'b0,1'b0,1'b0,2'b00,2'b10,3'd4,3'b000,3'b100,3'b111,3'b001,3'b010,3'b101,3'b000,13'h0001,13'h0001,13'h0001,13'h0008,13'h0200,13'h0001,13'h0001,13'h0008,1'b1,1'b0,1'b0,1'b1,1'b0,2'b00,2'b01,2'b00,1'b0,1'b0,3'd0,3'd0
50+ rd,PUSH r32,8'h55,1'b0,1'b0,1'b0,8'h00,5'b00100,3'b000,1'b0,1'b0,37'b0_0000_0000_0100_0000_0000_0000_0000_0000_0000,18'b000000000_0_0_00_0_0_0_0_0,2'b00,1'b0,1'b0,1'b0,1'b0,2'b00,2'b10,3'd5,3'b000,3'b100,3'b111,3'b001,3'b010,3'b101,3'b000,13'h0001,13'h0001,13'h0001,13'h0008,13'h0200,13'h0001,13'h0001,13'h0008,1'b1,1'b0,1'b0,1'b1,1'b0,2'b00,2'b01,2'b00,1'b0,1'b0,3'd0,3'd0
50+ rd,PUSH r32,8'h56,1'b0,1'b0,1'b0,8'h00,5'b00100,3'b000,1'b0,1'b0,37'b0_0000_0000_0100_0000_0000_0000_0000_0000_0000,18'b000000000_0_0_00_0_0_0_0_0,2'b00,1'b0,1'b0,1'b0,1'b0,2'b00,2'b10,3'd6,3'b000,3'b100,3'b111,3'b001,3'b010,3'b101,3'b000,13'h0001,13'h0001,13'h0001,13'h0008,13'h0200,13'h0001,13'h0001,13'h0008,1'b1,1'b0,1'b0,1'b1,1'b0,2'b00,2'b01,2'b00,1'b0,1'b0,3'd0,3'd0
50+ rd,PUSH r32,8'h57,1'b0,1'b0,1'b0,8'h00,5'b00100,3'b000,1'b0,1'b0,37'b0_0000_0000_0100_0000_0000_0000_0000_0000_0000,18'b000000000_0_0_00_0_0_0_0_0,2'b00,1'b0,1'b0,1'b0,1'b0,2'b00,2'b10,3'd7,3'b000,3'b100,3'b111,3'b001,3'b010,3'b101,3'b000,13'h0001,13'h0001,13'h0001,13'h0008,13'h0200,13'h0001,13'h0001,13'h0008,1'b1,1'b0,1'b0,1'b1,1'b0,2'b00,2'b01,2'b00,1'b0,1'b0,3'd0,3'd0
6A,PUSH imm8,8'h6A,1'b0,1'b0,1'b0,8'h00,5'b00100,3'b000,1'b0,1'b0,37'b0_0000_0000_0100_0000_0000_0000_0000_0000_0000,18'b000000000_0_0_00_0_0_0_0_0,2'b00,1'b0,1'b0,1'b0,1'b1,2'b00,2'b00,3'b000,3'b000,3'b100,3'b111,3'b001,3'b010,3'b101,3'b000,13'h1000,13'h0001,13'h0001,13'h0008,13'h0200,13'h0001,13'h0001,13'h0008,1'b1,1'b0,1'b0,1'b1,1'b0,2'b00,2'b01,2'b00,1'b0,1'b0,3'd0,3'd0
68,PUSH imm32,8'h68,1'b0,1'b0,1'b0,8'h00,5'b00100,3'b000,1'b0,1'b0,37'b0_0000_0000_0100_0000_0000_0000_0000_0000_0000,18'b000000000_0_0_00_0_0_0_0_0,2'b00,1'b0,1'b0,1'b0,1'b1,2'b10,2'b10,3'b000,3'b000,3'b100,3'b111,3'b001,3'b010,3'b101,3'b000,13'h1000,13'h0001,13'h0001,13'h0008,13'h0200,13'h0001,13'h0001,13'h0008,1'b1,1'b0,1'b0,1'b1,1'b0,2'b00,2'b01,2'b00,1'b0,1'b0,3'd0,3'd0
0E,PUSH CS,8'h0E,1'b0,1'b0,1'b0,8'h00,5'b00100,3'b000,1'b0,1'b0,37'b0_0000_0000_0100_0000_0000_0000_0000_0000_0000,18'b000000000_0_0_00_0_0_0_0_0,2'b00,1'b0,1'b0,1'b0,1'b0,2'b00,2'b00,3'b000,3'b000,3'b100,3'b111,3'b000,3'b010,3'b101,3'b000,13'h0010,13'h0001,13'h0001,13'h0008,13'h0200,13'h0001,13'h0001,13'h0008,1'b1,1'b0,1'b0,1'b1,1'b0,2'b00,2'b01,2'b00,1'b0,1'b0,3'd0,3'd0
16,PUSH SS,8'h16,1'b0,1'b0,1'b0,8'h00,5'b00100,3'b000,1'b0,1'b0,37'b0_0000_0000_0100_0000_0000_0000_0000_0000_0000,18'b000000000_0_0_00_0_0_0_0_0,2'b00,1'b0,1'b0,1'b0,1'b0,2'b00,2'b00,3'b000,3'b000,3'b100,3'b111,3'b010,3'b010,3'b010,3'b000,13'h0010,13'h0001,13'h0001,13'h0008,13'h0200,13'h0001,13'h0001,13'h0008,1'b1,1'b0,1'b0,1'b1,1'b0,2'b00,2'b01,2'b00,1'b0,1'b0,3'd0,3'd0
1E,PUSH DS,8'h1E,1'b0,1'b0,1'b0,8'h00,5'b00100,3'b000,1'b0,1'b0,37'b0_0000_0000_0100_0000_0000_0000_0000_0000_0000,18'b000000000_0_0_00_0_0_0_0_0,2'b00,1'b0,1'b0,1'b0,1'b0,2'b00,2'b00,3'b000,3'b000,3'b100,3'b111,3'b001,3'b010,3'b001,3'b000,13'h0010,13'h0001,13'h0001,13'h0008,13'h0200,13'h0001,13'h0001,13'h0008,1'b1,1'b0,1'b0,1'b1,1'b0,2'b00,2'b01,2'b00,1'b0,1'b0,3'd0,3'd0
6,PUSH ES,8'h6,1'b0,1'b0,1'b0,8'h00,5'b00100,3'b000,1'b0,1'b0,37'b0_0000_0000_0100_0000_0000_0000_0000_0000_0000,18'b000000000_0_0_00_0_0_0_0_0,2'b00,1'b0,1'b0,1'b0,1'b0,2'b00,2'b00,3'b000,3'b000,3'b100,3'b111,3'b011,3'b010,3'b011,3'b000,13'h0010,13'h0001,13'h0001,13'h0008,13'h0200,13'h0001,13'h0001,13'h0008,1'b1,1'b0,1'b0,1'b1,1'b0,2'b00,2'b01,2'b00,1'b0,1'b0,3'd0,3'd0
0F A0,PUSH FS,8'h0F,1'b0,1'b0,1'b1,8'hA0,5'b00100,3'b000,1'b0,1'b0,37'b0_0000_0000_0100_0000_0000_0000_0000_0000_0000,18'b000000000_0_0_00_0_0_0_0_0,2'b00,1'b0,1'b0,1'b0,1'b0,2'b00,2'b00,3'b000,3'b000,3'b100,3'b111,3'b100,3'b010,3'b100,3'b000,13'h0010,13'h0001,13'h0001,13'h0008,13'h0200,13'h0001,13'h0001,13'h0008,1'b1,1'b0,1'b0,1'b1,1'b0,2'b00,2'b01,2'b00,1'b0,1'b0,3'd0,3'd0
0F A8,PUSH GS,8'h0F,1'b0,1'b0,1'b1,8'hA8,5'b00100,3'b000,1'b0,1'b0,37'b0_0000_0000_0100_0000_0000_0000_0000_0000_0000,18'b000000000_0_0_00_0_0_0_0_0,2'b00,1'b0,1'b0,1'b0,1'b0,2'b00,2'b00,3'b000,3'b000,3'b100,3'b111,3'b101,3'b010,3'b101,3'b000,13'h0010,13'h0001,13'h0001,13'h0008,13'h0200,13'h0001,13'h0001,13'h0008,1'b1,1'b0,1'b0,1'b1,1'b0,2'b00,2'b01,2'b00,1'b0,1'b0,3'd0,3'd0
C3,RET,8'hC3,1'b0,1'b0,1'b0,8'h00,5'b00100,3'b000,1'b0,1'b0,37'b0_0000_0001_0000_0000_0000_0000_0000_0000_0000,18'b000000000_0_0_00_0_0_0_0_0,2'b00,1'b0,1'b1,1'b0,1'b0,2'b00,2'b00,3'b000,3'b000,3'b100,3'b111,3'b001,3'b010,13'h0001,3'b000,13'h0200,13'h1000,13'h0001,13'h0008,13'h0400,13'h0001,13'h0001,13'h0008,1'b1,1'b0,1'b0,1'b0,1'b0,2'b00,2'b10,2'b00,1'b0,1'b0,3'd0,3'd0
CB,RET,8'hCB,1'b0,1'b0,1'b0,8'h00,5'b00100,3'b000,1'b0,1'b0,37'b1_0000_0000_0000_0000_0000_0000_0000_0000_0000,18'b000000000_0_0_00_0_0_0_0_0,2'b00,1'b0,1'b1,1'b0,1'b0,2'b00,2'b00,3'b000,3'b000,3'b100,3'b111,3'b001,3'b010,13'h0001,3'b000,13'h0200,13'h1000,13'h0001,13'h0008,13'h0800,13'h0001,13'h0001,13'h0008,1'b1,1'b0,1'b0,1'b0,1'b0,2'b00,2'b10,2'b00,1'b0,1'b1,3'd0,3'd0
C2 iw,RET imm16,8'hC2,1'b0,1'b0,1'b0,8'h00,5'b00100,3'b000,1'b0,1'b0,37'b0_0000_0001_0000_0000_0000_0000_0000_0000_0000,18'b000000000_0_0_00_0_0_0_0_0,2'b00,1'b0,1'b1,1'b0,1'b1,2'b01,2'b00,3'b000,3'b000,3'b100,3'b111,3'b001,3'b010,13'h0001,3'b000,13'h0200,13'h1000,13'h0001,13'h0008,13'h0400,13'h0001,13'h0001,13'h0008,1'b1,1'b0,1'b0,1'b0,1'b0,2'b00,2'b10,2'b00,1'b0,1'b0,3'd0,3'd0
CA iw,RET imm16,8'hCA,1'b0,1'b0,1'b0,8'h00,5'b00100,3'b000,1'b0,1'b0,37'b1_0000_0000_0000_0000_0000_0000_0000_0000_0000,18'b000000000_0_0_00_0_0_0_0_0,2'b00,1'b0,1'b1,1'b0,1'b1,2'b01,2'b00,3'b000,3'b000,3'b100,3'b111,3'b001,3'b010,13'h0001,3'b000,13'h0200,13'h1000,13'h0001,13'h0008,13'h0800,13'h0001,13'h0001,13'h0008,1'b1,1'b0,1'b0,1'b0,1'b0,2'b00,2'b10,2'b00,1'b0,1'b1,3'd0,3'd0
D0 /4 ?,"SAL r/m8, 1",8'hD0,1'b1,1'b0,1'b0,8'h00,5'b10010,3'b000,1'b0,1'b1,37'b0_0000_0010_0000_0000_0000_0000_0000_0000_0000,18'b000000000_1_0_00_1_1_0_1_1,2'b00,1'b0,1'b0,1'b0,1'b0,2'b00,2'b00,3'b010,3'b000,3'b100,3'b000,3'b001,3'b000,3'b000,3'b000,13'h0100,13'h0001,13'h0001,13'h0001,13'h0100,13'h0001,13'h0001,13'h0001,1'b1,1'b0,1'b0,1'b0,1'b0,2'b11,2'b00,2'b01,1'b0,1'b0,1'b1,3'd4
D2 /4 ?,"SAL r/m8, CL",8'hD2,1'b1,1'b0,1'b0,8'h00,5'b10010,3'b000,1'b0,1'b0,37'b0_0000_0010_0000_0000_0000_0000_0000_0000_0000,18'b000000000_1_0_00_1_1_0_1_1,2'b00,1'b0,1'b0,1'b0,1'b0,2'b00,2'b00,3'b010,3'b000,3'b100,3'b000,3'b001,3'b000,3'b000,3'b000,13'h0100,13'h0001,13'h0001,13'h0001,13'h0100,13'h0001,13'h0001,13'h0001,1'b1,1'b0,1'b0,1'b0,1'b0,2'b11,2'b00,2'b01,1'b0,1'b0,1'b1,3'd4
C0 /4 ib,"SAL r/m8, imm8",8'hC0,1'b1,1'b0,1'b0,8'h00,5'b10010,3'b000,1'b0,1'b0,37'b0_0000_0010_0000_0000_0000_0000_0000_0000_0000,18'b000000000_1_0_00_1_1_0_1_1,2'b00,1'b0,1'b0,1'b0,1'b1,2'b00,2'b00,3'b010,3'b000,3'b100,3'b000,3'b001,3'b000,3'b000,3'b000,13'h0100,13'h0001,13'h0001,13'h0001,13'h0100,13'h0001,13'h0001,13'h0001,1'b1,1'b0,1'b0,1'b0,1'b0,2'b11,2'b00,2'b01,1'b0,1'b0,3'd0,3'd0
D1 /4 ?,"SAL r/m32, 1",8'hD1,1'b1,1'b0,1'b0,8'h00,5'b10010,3'b000,1'b0,1'b1,37'b0_0000_0010_0000_0000_0000_0000_0000_0000_0000,18'b000000000_1_0_00_1_1_0_1_1,2'b00,1'b0,1'b0,1'b0,1'b0,2'b00,2'b10,3'b010,3'b000,3'b100,3'b000,3'b001,3'b000,3'b000,3'b000,13'h0100,13'h0001,13'h0001,13'h0001,13'h0100,13'h0001,13'h0001,13'h0001,1'b1,1'b0,1'b0,1'b0,1'b0,2'b11,2'b00,2'b01,1'b0,1'b0,1'b1,3'd4
D3 /4 ?,"SAL r/m32, CL",8'hD3,1'b1,1'b0,1'b0,8'h00,5'b10010,3'b000,1'b0,1'b0,37'b0_0000_0010_0000_0000_0000_0000_0000_0000_0000,18'b000000000_1_0_00_1_1_0_1_1,2'b00,1'b0,1'b0,1'b0,1'b0,2'b00,2'b10,3'b010,3'b000,3'b100,3'b000,3'b001,3'b000,3'b000,3'b000,13'h0100,13'h0001,13'h0001,13'h0001,13'h0100,13'h0001,13'h0001,13'h0001,1'b1,1'b0,1'b0,1'b0,1'b0,2'b11,2'b00,2'b01,1'b0,1'b0,1'b1,3'd4
C1 /4 ib ?,"SAL r/m32, imm8",8'hC1,1'b1,1'b0,1'b0,8'h00,5'b10010,3'b000,1'b0,1'b0,37'b0_0000_0010_0000_0000_0000_0000_0000_0000_0000,18'b000000000_1_0_00_1_1_0_1_1,2'b00,1'b0,1'b0,1'b0,1'b1,2'b00,2'b10,3'b010,3'b000,3'b100,3'b000,3'b001,3'b000,3'b000,3'b000,13'h0100,13'h0001,13'h0001,13'h0001,13'h0100,13'h0001,13'h0001,13'h0001,1'b1,1'b0,1'b0,1'b0,1'b0,2'b11,2'b00,2'b01,1'b0,1'b0,1'b1,3'd4
D0 /7 ?,"SAR r/m8, 1",8'hD0,1'b1,1'b0,1'b0,8'h00,5'b10001,3'b000,1'b0,1'b1,37'b0_0000_0100_0000_0000_0000_0000_0000_0000_0000,18'b000000000_1_0_00_1_1_0_1_1,2'b00,1'b0,1'b0,1'b0,1'b0,2'b00,2'b00,3'b010,3'b000,3'b100,3'b000,3'b001,3'b000,3'b000,3'b000,13'h0100,13'h0001,13'h0001,13'h0001,13'h0100,13'h0001,13'h0001,13'h0001,1'b1,1'b0,1'b0,1'b0,1'b0,2'b11,2'b00,2'b01,1'b0,1'b0,1'b1,3'd7
D2 /7 ?,"SAR r/m8, CL",8'hD2,1'b1,1'b0,1'b0,8'h00,5'b10001,3'b000,1'b0,1'b0,37'b0_0000_0100_0000_0000_0000_0000_0000_0000_0000,18'b000000000_1_0_00_1_1_0_1_1,2'b00,1'b0,1'b0,1'b0,1'b0,2'b00,2'b00,3'b010,3'b000,3'b100,3'b000,3'b001,3'b000,3'b000,3'b000,13'h0100,13'h0001,13'h0001,13'h0001,13'h0100,13'h0001,13'h0001,13'h0001,1'b1,1'b0,1'b0,1'b0,1'b0,2'b11,2'b00,2'b01,1'b0,1'b0,1'b1,3'd7
C0 /7 ib,"SAR r/m8, imm8",8'hC0,1'b1,1'b0,1'b0,8'h00,5'b10001,3'b000,1'b0,1'b0,37'b0_0000_0100_0000_0000_0000_0000_0000_0000_0000,18'b000000000_1_0_00_1_1_0_1_1,2'b00,1'b0,1'b0,1'b0,1'b1,2'b00,2'b00,3'b010,3'b000,3'b100,3'b000,3'b001,3'b000,3'b000,3'b000,13'h0100,13'h0001,13'h0001,13'h0001,13'h0100,13'h0001,13'h0001,13'h0001,1'b1,1'b0,1'b0,1'b0,1'b0,2'b11,2'b00,2'b01,1'b0,1'b0,3'd0,3'd0
D1 /7 ?,"SAR r/m32, 1",8'hD1,1'b1,1'b0,1'b0,8'h00,5'b10001,3'b000,1'b0,1'b1,37'b0_0000_0100_0000_0000_0000_0000_0000_0000_0000,18'b000000000_1_0_00_1_1_0_1_1,2'b00,1'b0,1'b0,1'b0,1'b0,2'b00,2'b10,3'b010,3'b000,3'b100,3'b000,3'b001,3'b000,3'b000,3'b000,13'h0100,13'h0001,13'h0001,13'h0001,13'h0100,13'h0001,13'h0001,13'h0001,1'b1,1'b0,1'b0,1'b0,1'b0,2'b11,2'b00,2'b01,1'b0,1'b0,1'b1,3'd7
D3 /7 ?,"SAR r/m32, CL",8'hD3,1'b1,1'b0,1'b0,8'h00,5'b10001,3'b000,1'b0,1'b0,37'b0_0000_0100_0000_0000_0000_0000_0000_0000_0000,18'b000000000_1_0_00_1_1_0_1_1,2'b00,1'b0,1'b0,1'b0,1'b0,2'b00,2'b10,3'b010,3'b000,3'b100,3'b000,3'b001,3'b000,3'b000,3'b000,13'h0100,13'h0001,13'h0001,13'h0001,13'h0100,13'h0001,13'h0001,13'h0001,1'b1,1'b0,1'b0,1'b0,1'b0,2'b11,2'b00,2'b01,1'b0,1'b0,1'b1,3'd7
C1 /7 ib ?,"SAR r/m32, imm8",8'hC1,1'b1,1'b0,1'b0,8'h00,5'b10001,3'b000,1'b0,1'b0,37'b0_0000_0100_0000_0000_0000_0000_0000_0000_0000,18'b000000000_1_0_00_1_1_0_1_1,2'b00,1'b0,1'b0,1'b0,1'b1,2'b00,2'b10,3'b010,3'b000,3'b100,3'b000,3'b001,3'b000,3'b000,3'b000,13'h0100,13'h0001,13'h0001,13'h0001,13'h0100,13'h0001,13'h0001,13'h0001,1'b1,1'b0,1'b0,1'b0,1'b0,2'b11,2'b00,2'b01,1'b0,1'b0,1'b1,3'd7
FD,STD,8'hFD,1'b0,1'b0,1'b0,8'h00,5'b00110,3'b000,1'b0,1'b0,37'b0_0000_0000_0000_0000_0000_0000_0000_0010_0000,18'b000000000_0_1_00_0_0_0_0_0,2'b00,1'b0,1'b0,1'b0,1'b0,2'b00,2'b00,3'b000,3'b000,3'b100,3'b000,3'b001,3'b000,3'b000,3'b000,13'h0001,13'h0001,13'h0001,13'h0001,13'h0001,13'h0001,13'h0001,13'h0001,1'b0,1'b0,1'b0,1'b0,1'b0,2'b00,2'b00,2'b00,1'b0,1'b0,3'd0,3'd0
90+ rd,"XCHG EAX, r32",8'h90,1'b0,1'b0,1'b0,8'h00,5'b00011,3'b000,1'b0,1'b0,37'b0_0010_0000_0000_0000_0000_0000_0000_0000_0001,18'b000000000_0_0_00_0_0_0_0_0,2'b00,1'b0,1'b0,1'b0,1'b0,2'b00,2'b10,3'd0,3'b000,3'b100,3'b000,3'b001,3'b000,3'b000,3'b000,13'h0002,13'h0001,13'h0001,13'h0001,13'h0002,13'h0001,13'h0001,13'h0001,1'b1,1'b1,1'b0,1'b0,1'b0,2'b00,2'b00,2'b00,1'b0,1'b0,3'd0,3'd0
90+ rd,"XCHG EAX, r32",8'h91,1'b0,1'b0,1'b0,8'h00,5'b00011,3'b000,1'b0,1'b0,37'b0_0010_0000_0000_0000_0000_0000_0000_0000_0001,18'b000000000_0_0_00_0_0_0_0_0,2'b00,1'b0,1'b0,1'b0,1'b0,2'b00,2'b10,3'd1,3'b000,3'b100,3'b000,3'b001,3'b000,3'b000,3'b000,13'h0002,13'h0001,13'h0001,13'h0001,13'h0002,13'h0001,13'h0001,13'h0001,1'b1,1'b1,1'b0,1'b0,1'b0,2'b00,2'b00,2'b00,1'b0,1'b0,3'd0,3'd0
90+ rd,"XCHG EAX, r32",8'h92,1'b0,1'b0,1'b0,8'h00,5'b00011,3'b000,1'b0,1'b0,37'b0_0010_0000_0000_0000_0000_0000_0000_0000_0001,18'b000000000_0_0_00_0_0_0_0_0,2'b00,1'b0,1'b0,1'b0,1'b0,2'b00,2'b10,3'd2,3'b000,3'b100,3'b000,3'b001,3'b000,3'b000,3'b000,13'h0002,13'h0001,13'h0001,13'h0001,13'h0002,13'h0001,13'h0001,13'h0001,1'b1,1'b1,1'b0,1'b0,1'b0,2'b00,2'b00,2'b00,1'b0,1'b0,3'd0,3'd0
90+ rd,"XCHG EAX, r32",8'h93,1'b0,1'b0,1'b0,8'h00,5'b00011,3'b000,1'b0,1'b0,37'b0_0010_0000_0000_0000_0000_0000_0000_0000_0001,18'b000000000_0_0_00_0_0_0_0_0,2'b00,1'b0,1'b0,1'b0,1'b0,2'b00,2'b10,3'd3,3'b000,3'b100,3'b000,3'b001,3'b000,3'b000,3'b000,13'h0002,13'h0001,13'h0001,13'h0001,13'h0002,13'h0001,13'h0001,13'h0001,1'b1,1'b1,1'b0,1'b0,1'b0,2'b00,2'b00,2'b00,1'b0,1'b0,3'd0,3'd0
90+ rd,"XCHG EAX, r32",8'h94,1'b0,1'b0,1'b0,8'h00,5'b00011,3'b000,1'b0,1'b0,37'b0_0010_0000_0000_0000_0000_0000_0000_0000_0001,18'b000000000_0_0_00_0_0_0_0_0,2'b00,1'b0,1'b0,1'b0,1'b0,2'b00,2'b10,3'd4,3'b000,3'b100,3'b000,3'b001,3'b000,3'b000,3'b000,13'h0002,13'h0001,13'h0001,13'h0001,13'h0002,13'h0001,13'h0001,13'h0001,1'b1,1'b1,1'b0,1'b0,1'b0,2'b00,2'b00,2'b00,1'b0,1'b0,3'd0,3'd0
90+ rd,"XCHG EAX, r32",8'h95,1'b0,1'b0,1'b0,8'h00,5'b00011,3'b000,1'b0,1'b0,37'b0_0010_0000_0000_0000_0000_0000_0000_0000_0001,18'b000000000_0_0_00_0_0_0_0_0,2'b00,1'b0,1'b0,1'b0,1'b0,2'b00,2'b10,3'd5,3'b000,3'b100,3'b000,3'b001,3'b000,3'b000,3'b000,13'h0002,13'h0001,13'h0001,13'h0001,13'h0002,13'h0001,13'h0001,13'h0001,1'b1,1'b1,1'b0,1'b0,1'b0,2'b00,2'b00,2'b00,1'b0,1'b0,3'd0,3'd0
90+ rd,"XCHG EAX, r32",8'h96,1'b0,1'b0,1'b0,8'h00,5'b00011,3'b000,1'b0,1'b0,37'b0_0010_0000_0000_0000_0000_0000_0000_0000_0001,18'b000000000_0_0_00_0_0_0_0_0,2'b00,1'b0,1'b0,1'b0,1'b0,2'b00,2'b10,3'd6,3'b000,3'b100,3'b000,3'b001,3'b000,3'b000,3'b000,13'h0002,13'h0001,13'h0001,13'h0001,13'h0002,13'h0001,13'h0001,13'h0001,1'b1,1'b1,1'b0,1'b0,1'b0,2'b00,2'b00,2'b00,1'b0,1'b0,3'd0,3'd0
90+ rd,"XCHG EAX, r32",8'h97,1'b0,1'b0,1'b0,8'h00,5'b00011,3'b000,1'b0,1'b0,37'b0_0010_0000_0000_0000_0000_0000_0000_0000_0001,18'b000000000_0_0_00_0_0_0_0_0,2'b00,1'b0,1'b0,1'b0,1'b0,2'b00,2'b10,3'd7,3'b000,3'b100,3'b000,3'b001,3'b000,3'b000,3'b000,13'h0002,13'h0001,13'h0001,13'h0001,13'h0002,13'h0001,13'h0001,13'h0001,1'b1,1'b1,1'b0,1'b0,1'b0,2'b00,2'b00,2'b00,1'b0,1'b0,3'd0,3'd0
86  /r,"XCHG r/m8, r8",8'h86,1'b1,1'b0,1'b0,8'h00,5'b00011,3'b000,1'b0,1'b0,37'b0_0010_0000_0000_0000_0000_0000_0000_0000_0001,18'b000000000_0_0_00_0_0_0_0_0,2'b00,1'b0,1'b0,1'b0,1'b0,2'b00,2'b00,3'b000,3'b000,3'b100,3'b000,3'b001,3'b000,3'b000,3'b000,13'h0100,13'h0001,13'h0001,13'h0001,13'h0100,13'h0001,13'h0001,13'h0001,1'b1,1'b1,1'b0,1'b0,1'b1,2'b11,2'b00,2'b01,1'b0,1'b0,3'd0,3'd0
87 /r,"XCHG r/m32, r32",8'h87,1'b1,1'b0,1'b0,8'h00,5'b00011,3'b000,1'b0,1'b0,37'b0_0010_0000_0000_0000_0000_0000_0000_0000_0001,18'b000000000_0_0_00_0_0_0_0_0,2'b00,1'b0,1'b0,1'b0,1'b0,2'b00,2'b10,3'b000,3'b000,3'b100,3'b000,3'b001,3'b000,3'b000,3'b000,13'h0100,13'h0001,13'h0001,13'h0001,13'h0100,13'h0001,13'h0001,13'h0001,1'b1,1'b1,1'b0,1'b0,1'b1,2'b11,2'b00,2'b01,1'b0,1'b0,3'd0,3'd0
